crimeID,longitude,latitude
f819dabb36b5c1b081c8caa6a02764f7c122f7d8774df1ebb0a095fe454576,-0.016542,51.515192
17414fdd8674a923a84a0599abf0fd499400c2ef27edfaf09461100a46c1f3d,-0.236815,51.406763
29cbacca19524237dbed8356908299b01eac8c508a44edd98a620f8955c0428,-0.184411,51.495871
2b32fcf8cd90525d83e85891ad9cc6802c7feafd58769f8fb96ebd2221d6a9c,-0.268832,51.464685
35dca07b57190e038e7207d86dcf87503b62828b4363fea7cc88b23b11f0030,-0.098618,51.415897
3b79fd21523176c4b75d32a76c984b06011e720bdd77753922c1c5bd3c00349,-0.120151,51.516341
41ced24c7f2223c30153276b92b8d001d694432703c573594b294a4a67d52f2,-0.13278,51.525068
44acb922c97eca776cd11d09e9fbf98bf0434625e14fdc8da1eb6f219e46383,-0.123817,51.459387
819db0d04f9825dabc5b96fca5e9cb04fbf0bd5894837efbd817b0f5c5461ba,0.064469,51.511582
c2824c7b6644a8d6839fc03b91446a2a01d922c252cdc9eb1572edd848e7e11,-0.365332,51.440091
cca35de125146355d669e17e25ea26a63bc827f6055b3b571a8fd923d430128,-0.145735,51.514195
f8dfaff3d7906be2696074b177674e64d10763da6a8411df5647c04ae3de70c,-0.399253,51.527082
113432ccfaad5c9cbace4484f8c8f27584e9524101f0ef8876078c577fbed2a2,-0.069064,51.61255
1507928a824ab4e370d2d19442165bdb9ceab00eb7ece861a5c5fcd32210156b,-0.020991,51.609006
171209c18868b3d419cbe948c5e3e79da62772b10b68258896465db30847779d,-0.13228,51.509458
17dac62aafa364d846da478592e3e7239b2bc7833a4f6ba4f0ee3453a33537a5,-0.070715,51.582452
1869baa42b26aca7a6131bc89b14f0fa4b4e4c1a1f56c6302a9e947dcdacd19c,-0.127849,51.445612
18a2f90e1245b4f703f93ca91c1f9835c78b1bc8ea4f4ce84329141b81bfb603,-0.139092,51.56648
19f342a1bd1df395fa23c690c8c0e95455c2f8eaa3a1b766fbbefd5ff30b9a7a,-0.062154,51.589955
1b1d095218d22cdde8c08b4077b81463bd1abeedddcc1ec0af37bde342a8dfb9,-0.018941,51.498093
1c2d0891aa4384aff67cd38ce31bed303aaac63407db1ab5df6c1dd2686229f4,-0.092147,51.504262
1c9f9eede88f762e8bfc25fb73b5ae3d28875dc3c8df1df1043a02dbea29c2ea,0.084965,51.479124
1ca8234d64f0406edfec15f5e240e246de1fcfd574943056596deeb5f701f498,0.051925,51.431874
1cdef2a21bb616661e27a6f3ad51a5f566a82fbfdf0f033e1019725ad3868733,-0.143083,51.538657
1e91934c93af5eccd8ded6853c4cf4ad64aae8d72690b3873db48d806e894cc7,0.180905,51.575851
2071d68f7af15e3c61a50716fb7e9975a6ede5aca151972495fb5124aeeb9aa6,0.012614,51.433033
21b906a047f3068ae5f8449c1839da7091e0d08b7c83db35e72a7c27ad77d6e3,-0.156134,51.651286
2444c50cc9f7cedef263f27d92cd45c557d24f31890e0113f8a9e79b8a7949b0,-0.118487,51.557069
2628155af7b349269a00fdd05f02a74c744e5e3d11961187ea4af99a349da56c,-0.13273,51.603418
28d13954713480b6dc453f1694c42bab66f3f2617a00deb7ed173737a5768b67,-0.006898,51.543293
2a14790aa94a3d49ce2720ca747b36f885a8cc8f5b4d816501e665d67b8710e4,-0.073686,51.525497
2b82bac4513a7ec7bf07310d035785eed14ccf0b9f9e3f20eb6fc98904dcd3f8,-0.026728,51.510616
2bd278b08d3295b051e411e111b1e52bc7ae1c47a517e7d6a2802ce0f0f3d552,0.015237,51.40404
2c919e6a5ecbb11d2b904af63c38acc3bf3018360c3f303fcf2a61d582e1036a,-0.000585,51.553068
3202dba61a5a896763bf0930b1632468325b562e12150a94bb4df2cb772942ae,0.144788,51.530932
36cec04073657fbdca9ff4b0cc4e4d694a55127dac7ea0751a115f8e61a0943d,-0.01727,51.574736
385a73af49951aaf20000183ea29f351192fe73559e192209fa949ee8258afa2,0.104233,51.501289
3cc520a133120f9bfbe30917a27541619d63b961ccbeeb95d1f8c6744da427f7,-0.25237,51.582339
3f7990fac3dd5fd9aef6acec60e4ac86c389090628443cec59d084ef8e56e5f3,-0.305328,51.514388
4317366e43fc4473cf76279043427d9e3f058ac9756cc3d0fef86de571f84a3c,-0.070089,51.562283
431c35c09f060084de8b562ad8ca5240808b4364641d8a997c2f5069e10e549d,-0.259035,51.566954
44d7cd532148dc4114015ccd57ebdb6f3dedd93de919a199b080e60930adfb7f,-0.033451,51.525153
48c8edf783b8a7e8f28ff001f59eacc6201858fc24e96760d2db2e4c843f582c,-0.096709,51.374949
4950812bf2475927801cc696269220e7deb75b6063f62f6fba0af92463d211e0,-0.216092,51.458561
4b1377d9e6181c5aa8a747fbc86887ed035660025647c7760407ce7eaa4ba4c4,-0.340541,51.542511
4c4d042e64e622b09bd21be923012e7c00b89c493d7df4b9bc59ccf6bd577597,-0.128984,51.51084
4cdc1f364d27e018ebe226480ead91dfec32ff8d13e7832eddc058ca002ac053,-0.027052,51.531449
4ffcdbaa6248a33699e6208366bdb61ef9ac54bd3049d3fdc860f36990bf530a,0.012013,51.492674
518566c8850db4b6d7e3d668223e4d03200d16202995a37c713cb01204cadf80,-0.371762,51.562286
51a4a8ad9df71417d9ecf860406d2b5e7fd50789c4fe505e12db77e6bafa16cb,0.1314,51.495556
528ca90fabfaae44df5f7b2d0a002a5a827e6ed2a469903fc0746e200d25df08,-0.176162,51.482739
566a27d864959330a2f6d14487c39c816c5038dd054f7ce057b0d4ec69d16932,-0.113383,51.586976
594505425cd75552b8dc587573c099b0ad3a7e6ce99f8675a277bda105aea06c,-0.029554,51.648052
59a569a82a7572b702c581a5119df2770cef11af5462e62e4525a2db4bd9776e,-0.043735,51.383978
5a917214dbe8a91d635d1a2f5f67f77ddb9da9f4767317719bd64b2d450f0f00,-0.222961,51.444035
5f080d01f4e660fd1e29fa1c557721a758900bbe6e48114c5c175eb8e5265d61,-0.124436,51.580077
610d6c22e4d1e4697f0a151d86aa6f614e3518313822cc587697655ce480105d,-0.114788,51.462606
64a54d2ad1bbcbdbb0c2f1f8916b7281883d2448fa7d17730c2cb39c7d315f27,-0.389191,51.512359
687532b85ece1429c4b50d253f4cb6f3b412413a2133f6be9f65208b6ead0cdd,-0.352282,51.472047
69a0a10b2ed473b7ca4737327a3c2eee59f6027b1b61d4464900f459b211a71b,-0.129438,51.513064
6afa2c74f144e523aa79b4b9f676c41122acd08a8999b3d1b7562c5c9a28b764,-0.201098,51.486245
6b2b4a033f9a11065e2f5232ef8b6d9cb7e801ac9716680e2ba7961a8fb94b8f,-0.162469,51.371845
6c09b6952eb39177734caf94ad4aff691fb58e6d2584c9f76e4bd4f209f91db1,-0.049096,51.543283
6c1b7172e5f452174f405a70fff002c1f37527689eb975817c4ed193a1c18ff3,-0.189609,51.353616
6cfb03a911f121a2dcba8e76b1005d3811f0e684f53528ff52e48d8a04dc51c2,0.135924,51.587353
6d8bd4416e3475d239a914332f8a014959a8d2b945733e4935720bcd66964c4f,-0.285675,51.557634
6dcb0e579b896b3f3f5e315a1b16935bccf3f5c5fd90f54ed8e7c703960d0fc7,0.022099,51.529829
6e742da1f9f050a36fcfb51f771282e35cf80806383869503567786a40816742,-0.192743,51.465515
6f63861b5a3438e9d8a095cdcadc63e4824dac317c255556a06ff89604eba87e,0.039396,51.601003
6ff226ca53953cf37b569791691a2c0f34d3f9319fa6ac6ac96dc9ac2f6e7d3d,-0.193059,51.361536
700e95488306e3b7b527868bfe2a0c141668962ea606254d38a664972965d816,-0.146304,51.52289
71260157e3f0b0dfc88ef0849c2338ae15d4a1cfeeb0d3ae16c5437cc369c68b,-0.105091,51.623181
7199643171c96a653dd5f7bec5db58788383f879ae07591e03d4837b5e8435a0,-0.074819,51.557857
72eb97fb9a9295db5391c673e775631cc5740d675e95aa9f950b983be15215d9,-0.287144,51.607599
79782336db0990fdc82fa1c3facae14962bf3a1ffa72cff74913bc62092305a9,-0.2679,51.384027
7a06eb3cfa7cc671566866fe6aa2b7f775ce6d56ad16819aa9ce08b0621267f4,-0.201293,51.544582
7cf62c1bceb2ee6a4a13a7d2157cd865f268b937b5fcd107fcb52801d06e0e46,-0.130495,51.511534
7dbf12b59689c5f9bfa2e3b71d529cbfd1b09c132542968997f2bc2a9f7fe32b,-0.099674,51.399107
7dcef8189f84d9fadb38d67487f998cd53b9a7aabdc2ed60bdcccd1aac4d806d,-0.038932,51.670564
7de36c1c7f4d45815ff0ec2951e1b07420fe4375c672b9a5f54605952a81c283,0.045955,51.503993
7fea348445bad036f9b13c0c8dd131d69231c185cfac684c1b15b5c0ddd95a94,-0.176131,51.42212
7ffc7e84caec9cf2946c1d3d5e63f0b61de831e49ff0017c1326aaa5bf003d7b,-0.084172,51.632796
81d7bceb78c347832d9e96aa81e56f3bd99bc80607a3d5954394537c08ec3521,-0.11047,51.54757
82c80d3c8fcf75d8ac7b9f54f823cfe9cef625a012981b41d739503cb3411f0d,-0.033458,51.590538
84410abd0148ac8b9c7340bf6518c8a71e4b33c6ebc4e0807b93ffd81971df55,-0.217565,51.500183
85f551f9573ed5ea113c8673756f172d33dc6eb170ca1f7be59c1b1170d9cb5a,-0.452714,51.47116
8688c11d2d9d3955f3068916335b971da322e1c54659c83dc26b06d3f5b1775b,-0.151335,51.492989
868f7dab4cf763f84c4fd108ded5d8d88f88bcc9e31964a21b43d9a4e8475cfc,0.072534,51.558445
871896b6ef5ec31b6cba9c23c0fe63d1447c27af9c4e39d00550d1b40965de59,-0.223084,51.522019
88660cef7085ac2cd61cf9eef22e0b51d0504a89813686590559817b22dbb7aa,-0.133438,51.514971
88d4da8e087a603eab8136b2f005931351ffb03430ce959702401b326201bfe6,-0.081058,51.497246
8c06a14850cc85aed5bb9497cc01223988b0206c335c4db56f1e686d6cdcc4b6,-0.235161,51.536616
8d8f46f0db2090b222bc5a41d5dcffbc711a7ec3a54ebc20bcf50b86d3e8dd64,-0.415037,51.516749
8e3d016d0dfe477246dec99b32e08462aadaac4eafabf358904157bd0979efee,-0.048139,51.442558
8f009ee295728e77b7ef8c49d6d89eef010528ebdf3024dcef5ed952b6e71503,-0.199465,51.527693
8f1a1f7d7fce1d6e2130309bb525895f3efc302c89050949805b7c3c3e03b089,0.053359,51.541417
90af677fa10b6a36968538cdaa3186c4a24ee7352dcd3afa671fcf5badbfabe2,-0.186273,51.516834
983f7956833da3b44f83ff5ac5cb666f9c8f908ecd42bcee65b09e4ddcb45170,-0.235846,51.508067
9c27939947e59ca861b74c5066d45be5b4212b8c2263bd938dbf7a5c6bbb1adc,-0.135545,51.543142
9e9f1e8f2dfbaa788128d551c67b4473fdef40894ea896dcd5675f5dc3f814de,-0.081278,51.527339
a112857685438b5baed302acc27a720bc45cc5bf119d81cb65155d057bbd1eb4,-0.059564,51.490094
a14197045123b19e2813438b1fe289404d6ef75e490b3a486be69fd166f5ac14,-0.069592,51.473327
a201f0dae1e199c9abab27fff13976f304d850a274df08c3fbdfa08feb10fa6c,-0.338618,51.45779
a3167288095f550bd03fd9fa1693f634bd205cc1134a75674eae4b6054fbe934,-0.409133,51.440037
a4d8d83a76fd385f8f66e930165dbf4e2e7b5adf10bd96536209a15bfe03678d,-0.1058,51.534986
a56b3adcf4e363ce37ec3d0dfc37004bfe3e9b6813e8501eb99e18c1587a0a42,-0.151711,51.613943
a5a6745913dde86c8381110642e3d859ab34ae5a72a4a935f16bf6b8b946e50a,0.177936,51.45086
a76c910815695a9d38e89f6b80728c9bdebdcb29667e090254870cb0e2ca87d5,-0.141346,51.528531
a77407e0065e6d560316a34093543adf04960cc8fc58f901825acb9096f430e8,-0.138803,51.513114
ad3459c758c1378376b7b66edea64ddba888fec0d63122d2bf983992e21170b0,-0.263714,51.588425
adced2a283da03cac57722f8b62d6096f94050a8a3c1fedc7664ac16555f8bd9,-0.477183,51.545753
afd44f63f8cdb1935a1863cd23c35f64630659182f4d22e01982e77365361f09,-0.107398,51.338396
b19b3b9fd39eb5b94d84f68119c8d7eb004e20268e55334ae5deddc71be0484e,-0.084944,51.484289
b3b85f3f7a4cd96b7ad572974ea020b543c0038c20fc88149cc496d28bf6bc8e,-0.172996,51.493841
b3bece48eed0e6ef798de165796cb37067ed1a5ae2808ae5a232edbc9411631f,-0.125167,51.484381
bc491ccb1596c51df54b2b035f59b167e726895a8f89bca14e21e07a493872f7,-0.233776,51.546694
bdc95ab85c1339f13260c654e3514771535db74a94d2d1d18ea4dce2ca53e1ff,-0.117357,51.432692
c0627b37e22647867136ed092f819e3d7d7539332dae35f1b21d52c02a772c1e,-0.130495,51.511534
c2a65f00f6058572b58342cb9e3be654077e55b55b53057f085b6b1428dd14db,0.02152,51.550594
c42bfc0f2b9a89a18d57b148ad457f49e66239e604e36cb5e08ef6699b1ffd6e,-0.017371,51.468867
c49f2d16096220834833f0b84666e56155243a67583f8a22edf8d28c78f19a74,0.054855,51.535887
c52e96c3d97e45af75282066072aa7c55773f9e79981308df9bc7e71b95a6290,-0.250787,51.588251
c6e3a40f3910b1caf4532b7a8657437a4c08dfbbbc59e5abbf4ca1f57b156be0,-0.262582,51.409774
c821bf08600774025da30eaef5efa434b4ce07be6e23a76197d11dedd64e78c6,0.01632,51.429651
c83608328ffb602fcb525dc7ca8857e9c9eaa62b465ee6dd94cddc6b2c8c782a,-0.076966,51.456173
c9cb1c4843399e5f796139feb1f078ba0007651e20cff536a1e08ffdf4f39273,-0.173787,51.465752
cc176f4d4c21620a9eddda64c57269b54288d31791d4a67a87c6859c4a59741d,0.154514,51.546069
cd22dfe75f2afce518b78c87abee2cdd5489c91290ba63ee29e2efab01aaa5f4,-0.185725,51.520818
cdc2980f3ddc9127e9b3748625a7ac2a1bd1e3b63db1f2a1283f708c0a9c37b3,0.189512,51.468972
ce337c9ceae476c9416a331004018d75cff7754d4b4efcd2e15592bd7d42b43b,-0.043404,51.66277
d0c473d131e17e2144fa7706e3eb5501b0f431258c6841fcc7d3c043e040b28d,-0.175109,51.544807
d3967448057231abcc53946846545bbd0e2433fa09549491ad7863a4d5d32166,0.081158,51.489444
d6ea02e7d2ad2e0a75d42f5ca5b1176416bf08a3daff067aa2887ff465a9c6c9,-0.168349,51.609663
d842923901c4ee02b5b7a2a295346cbbaf09807c2bac78b592c8a82fca577475,-0.143092,51.515753
da08e4564507d746ad7414fe16020efa873fcfd7bf2d5b83ed6432432f2aca13,-0.052931,51.538589
dbffa8d35a80dc6e57be4a06d815498980c5ed3f3306824ffbfe7dfa222f937f,0.015471,51.399233
dc2dfcd4f8810826d469348aec005505d004fe8e251036cf7140d4e4dd9f226b,-0.283703,51.489273
e1a0b02aeba50c4aca01912b56ac114023bc5675faf759edbad5d3a1841496b0,-0.140222,51.515088
e1e7920a12eb18a55184f2362cedf7ff54e901879e529944e629ba74bb54d857,0.018498,51.42062
e2b1eb613f03d0aab51c2897b53d5db3cacabd2fd2609fa3d2f788e1a8678309,0.092913,51.568047
e62e199c5e26e916ffb28d429cf45b2ea71ce44e3a8b4c11ff92b28e50fc26b7,0.206925,51.599034
e98e03858933d9f444e852498f08126d394606d2887c0fcef013107848f695a8,-0.131211,51.492976
eebec79f66af835a293d8e441ff8d287ec93e52788c8f50bf24270cc76790276,-0.334209,51.58825
ef59b86cc95dab95f41ce8b928c6b650ebee6530e1614985a8fb9a4458c39c7b,0.106915,51.564406
f29e416862fb011b772221769d32937c3c1101827816e11e19e42d00911e78df,-0.39846,51.558319
f2b44532535e5347b93804ebdca9f9e2e2016864302ff3ebe6855332842949fb,-0.101675,51.373681
f45782d94d1b61842e236da673b174f7e27e39235c0cdc515166269b32a5eb7c,-0.321417,51.504449
f5783fe8be3acd4d60bf2bede8ec049eb892beca6e888aa14070bb8a20286158,-0.09777,51.524586
f9de30edb8805f8c7348e547f10868e377412f42cb37be08f8a630164e2facc9,-0.112677,51.505035
f9eda0452bd2edb1d824de6c63c13277ff0e993953c8507c048cfa5a0389d7c8,-0.032364,51.474443
fa9c8c4bae4566a47ec0f088517375a441995d64808b07857947c065b06c54f7,-0.16685,51.428675
fac543d8fc76440021bc4e1ec6d67ddb03dfadd017c16275d0c6bfafedf3aaf0,-0.436283,51.602918
fb834bbaa73db3306031b93d74b1e7e3354120f6034baf86497a5844c64f7148,0.224117,51.56227
fcd1e2ba9f674d4758276b8869a19744fc9820050a9db3055f4a7fdea2e2d467,-0.023898,51.386406
fcea12c6a9ffcf48890bd8073a6407e9ded1e43f9d1a74db0dcb4d8e53792ceb,0.072159,51.540025
fdacadb08dd8749cd24ba3753cf5c7064f41031b8932fa56f630f3267ff64da9,-0.303896,51.527343
uhgn5zn9ty6s7hzeknymg1z2x8md6aoqh25kj9a4pdxip8bjptm12s1ecv16p7p,0.164632,51.569231
2hbm3qzwwi450daw9pkaxpd0p4ba77bgdxccmmn8wvpgs97lql6926hfzq0kjef,0.125674,51.625094
evn32o0lg5prb10dk17cxjmkdoi3ulqb2nm8u85px51zue33iesh9jj5kc42ji9,0.062638,51.626788
aqqga351x5h6dynsq5jwaornl1eamawmn1k26gavqp00hwnu5s3g9tpbwgwz9te,0.051113,51.667331
ksomxruuhn0gbcvni2yqrc4wbxkunl017au9s426sror0g60gv1kud9kypuljj4,-0.413991,51.607994
f6rhlcg05x8uveu4nn3ja32divuexz2jq54bs1qub6i5qvin7jz199iv25mvcny,-0.157211,51.54362
2lwd50wtqsc2lozq3fjex4s0e5qf5j1uy00sw7s6q8dk9ydjnwoqpyhbitkxzpd,-0.410348,51.550238
rfy2q088c058n0k2066havy7dsf1iwmp1qxojq0txjrm9mbkxptpjsmg4wsjaq9,0.029985,51.608102
zqhozxktoaerjusvfc2o438571yuq0s8g4eczo01ebabad8tj6exka0lqb4ndfe,-0.3633,51.661721
jbsflz9p2gnf1ciavt4301tl93w8via6ckmwce44tuld8r4ldppb6xczi1xg0nw,0.112055,51.633687
3wxjw8g3whrwa89b7kugdjt7dypm0j7s6wa53sjnb6u6sdhpgksg99k6dxkjvyr,-0.305698,51.383477
ppqzdoj8k32bcencr216c7dbzuerx99v9dtn5101bnmesxsvk92wtajsnmg3eqq,-0.027481,51.595059
fclaihqfwvaie551b57tx5fzi6svas5wx9boxrse7fxuip1whyorggf3fo9sqcf,-0.123278,51.486999
jay680kwwaj47jsptuxz2hv6e1prwn4pommqz46rngysfl5od7ppwlny0b6skk1,-0.436786,51.486015
22dnue7ygwbc3qyiegq4k2w7azq6eo1hz6n5cc51esviy1q6ki0nzgpupiu4pl1,-0.295885,51.65186
ljmg45rhs4fqpv541wl230hzls0bju70aayk9yydwxs2xb0j56x2wvh15twxwh8,-0.130827,51.445983
9elrauqn6rvhwjbwi6w3n2bq6lgbtri1700uzxzo914wez2awfowlvuwa1yqenq,0.162534,51.579378
w9kco81x9cy7oxxsl1hd4tmfjr3o9wpoufdpi7cu7wlqdrk6s4pr1cy8v435oej,-0.222613,51.626891
wp100dbnxe4stnatvag5g0a6r2869wwh35eatkgajmoutemtpqrf2s9o2vxub1g,0.013732,51.371266
3imoxdhoz5ayu5i6a7u3ierdetkxjsn8nf1xe5529sy9b1p3upnqhxge6on44db,0.129268,51.66195
z6jphb52spt3kp4ve9zg2np7ivflht9hytbehh4ehoqti00xz6e9grrkgd51y6n,0.192151,51.66599
j0ygelb6x8tsmy113n3j7r1sz508pzklr9f4kfd5zw8gdb4j15t766s6p8tihhs,0.171096,51.45275
092p35nkbkon2loswm6a7cheawqien1kjynpk1dd3b2gtkrygfl9g8ktte7pd2g,-0.202703,51.459878
yq0dq7gmckkv2aiqbj91tw4dd2qwrcgz2etlgowobtd6pdoxv4htm96yysv6c78,-0.129465,51.361611
a5wbkrmt7lys3iep5yybu5wxt3d9ml8b1pbd3svy2en26w13j3f4vsyb8xv4hrp,0.039021,51.643874
9h9s2fvta719h8q0vs1t9vz3c64u5y6yzhny6acyqojy13u66b4u9n7dhrd65o3,0.160911,51.648587
fwptaxmzpn98laatep9gpi54fh0xgwxko6b7po1vchm2qk4fsxcbq8n0zqft96s,-0.383565,51.468169
6rv8r6vrt5gni5bdz4yrdxj7yl1uzumfcjm0difdmqy3l2151earpxe5gkh46qu,-0.02447,51.549881
71ulc81jjq9zihrkvfo4r3y4z3qb0u7expip0enifrfiy0om3dqsfe7g3hxpkk5,-0.087214,51.518632
9m8lc54b3ar5xegj9w1q75tu4mzq8hvhyhxuo8mbinc63iv9kpfiz1hg2vbyx2u,-0.156723,51.491578
hyo29vvi1sz85yrofwa8gre0v29z7aosifagiv0nj972xvicgbxytx6anp4dgob,-0.114315,51.442582
uph6uey19cuapno4vfr8xgbio4x6qscy0ef9dec8zmk0xz5uk9d0p0a8jxi4m39,0.16454,51.638729
ge6aeaklwfo5gaysk4n24sbr1kbi3nqlb8hnrpwluzpvhb3xk1vnypqd42pmpsw,-0.231119,51.538159
6aok80uzsf8dwgm19e8n5z6m5n0uwmysxdvj7w89ul6ttvpmdair7dwsbomwbik,-0.420986,51.444877
xuoesecl8xjpg5wnievxqv026cz7rri46bhwhjjvo3x5xzy2qvnzi61m2f2yxj8,-0.177574,51.340474
n4g4pwu9rvm0xjes6tt5482xr6bctjns2uly101jq5h2eswyc372l7t3jibf5rr,-0.084601,51.467788
x8sw8d8int26lxn8ww0kvoos07ecq124izm2gzyjl71zz8l0h9dwwr7b7gh7o1j,0.066773,51.65243
dwf9ri5etiky009df7z4dfkha6ha3djvmxds9j7br8bk2kk7nwvjq4ubk9yfd44,-0.092197,51.597755
m9zxx59yhmny49lxxzfuepl6daf7xvtj95w40st7iukzo2yvfey9l52v4j1u1cl,-0.323065,51.62601
wz1xx3goekinxbvpm4susopji1v4yefhbpk7u59m27w2m2uhcs4lzpgq8dz5z71,-0.182061,51.641699
gqx29ip3chgx7i2yk12p61ax8drru29l2xi5ksffv22eymnjz1m1vjcwm018obh,-0.462533,51.399798
9yksop29v8yjzeja30sx8duo7pfbg6izii2c8xxjhj8msy3ku4at48oeaonqefv,-0.001952,51.413784
rbc87msi4ubus4ihlgi8q7leupho987gxzxzl5jr6e792v0er3olyskojvtuhe9,-0.084736,51.629082
msczl2ulylelb210je95hpca41u4pblk9nnok9zm7mty8jpgw2f0e1gyzc73qb9,-0.084367,51.402211
9amt6lbo6rk2b8rv7i9lh6qj99htamcz36grz1psxo1rfhlkx6ccefrpazv3dq7,0.218052,51.622691
z3wd4nih3hciyipgpfj8kk5qcvopjlezuit70xs2w38vwds0qrcc3nn90dspv6u,0.191482,51.469617
vhsfw7pi6xr1qvi2jo1ubwtp8zaqguzu9cw7kuakoep7090yct6aj7hiug3up8y,-0.035603,51.349326
nreuyhbo1smzp1oacc2ygby9ufsk8jeddpv9woxuaj0g38wnqcfrsj4xg4wfnc8,-0.015652,51.343095
m65dz83pmo2a70zaxty2me3g3pxwflhkkcr9xm4bgemeq0gvbsg2vswdinopb2n,0.094151,51.602602
qzv6nspggqzln8m8dnv3xkhj1fk6q1rkiszwzvggusup4np269bxwf6l95x4v0v,0.125687,51.399384
kpc77wqto07dc9niz54d3fqb1iyz1zfwuwbw9i3xlvuuzi0fgdss1ovjoh6vvej,-0.279699,51.592774
43oh7irnhjvdajwuf7sxtcf4s97peg3zqty1fkv8o02mq3hfzhsvvlvlh80myh9,-0.276697,51.414715
xbz1i8axvh2tw9b8ocykwsv2gkepkndiye1d5nkhcown70s93echlxpcbc6824c,-0.017654,51.65888
rzu4y4py3nse1f5u94fuemajn6nhrvq2x9kztd1oyobkdjcdryxp4bavm5n2ey8,-0.372887,51.592003
hkoxs9pjtahwsftsmpvoy6fm78n9xzteij29fgqp1r1szg3mprs205see0ipwp0,-0.172884,51.557867
x8zjj4jyjetdfbgiols0jyqjcrl3la97zxh0e8271wi90rd4nikrrn67tosk0aq,-0.102077,51.615673
k8yqi1yok5shy3iw0l8954xudkhwygd6pd1twx9tsrv7d9mtbab5miieu7vrkx9,-0.067102,51.457574
he41y3e92vsvr38spxdgo77iq3qksze6ch5vq7dgeifaqu57f7x8jd8uc189j7m,-0.355794,51.511524
h1so5kydtwc508jaofjbgom8b0j6bzaybydrne90mx9zt5u83xdbr58rq6u08et,-0.385651,51.639192
18dyyrmp5slpkedvsrze8fzngsulg073hnwph8ycj3o4osgd7cj0jv3zuzdgx57,-0.021038,51.53859
ekviw3vjisgefp05mxromzpexqe36q6v9c61t2w4vublznboypk8zmnfo0wkaco,-0.459451,51.358084
pj7o0yr1744erowqfibhn72t6kjazz57hlsz0v3mo1rch9qa4tyuqv7uocvjayx,-0.378463,51.602965
1jv8u6agqpn0llv116ct5s3y4fklu6ekc0pz3mlkj05txt4d93e9gfiv8kirilp,-0.126364,51.477439
gz1iiofqgc499unpsnm11zjir6q9ar2vml3es0525q0loo5upcc6s8b592u5xvo,-0.127996,51.43508
c82qxpsscgdud5gq4croc3byrglcvpffbxt5amu3vfxhvvlu66kmvuc2cjbcvli,-0.273063,51.425698
alf906649gr2cd90afn4e6ttoz8i2mkyicym1c78xr3nu0hszgodksa2ju3jr5m,-0.171136,51.518715
s07oufxsfsdxp8zj0qzuxv9m4lpd0eh9llg5y635og2vckldul52vt6rz3zrel8,-0.261379,51.351808
ribri93evqciu6tj7o7jw93nnq2pi526hgl73pjyko6m876lk389zl4j145eszj,-0.242274,51.57256
gl8y4n7vbo786phynl310zpev34jea6aarm1uikuvvs53nfeediodr33taak0c2,-0.165956,51.493752
b8ijkyxnure2r6oanomc6kl5cvif6koeg6xvf5b4fjja84vvhskhr8o6spkslvd,0.160312,51.567061
on74ac933gufi9jdxcdm7lukud4l5s9l7gsffvslg1x1ibvxuzoh008jc4kyx3o,-0.230075,51.429593
ebro1je7r8ujo2tycv5suc7feab971h1rajodwvdbqf437upke3fx4n6tbgjpl5,0.021382,51.638776
z56iyv8adyjxsykudtzoo5t1jm224cy0wr9rffclfh7705oeqivral2zx8uwy7s,0.168602,51.560178
lwoydfp58lvjiq51m4jumcrvpoc41pkadndgbv4wdk6a0j3fyfhq3na7fv15s25,-0.361213,51.561709
o3mkyhn9onkbufq1wzta057myqzq0um0ach2ovk796x10clxk7u9a2fxi7egpaq,0.138319,51.410843
m5atytgaocky62yb7kcyncz6xlnvo088zfgac51tj05y0vgf7jtkm0tqb7vfh9g,-0.290788,51.528274
oz0dx6jyq7x3kd5zvw625gvb740tthzdq5u2m90ju8r7onlfacd93f8d0u06cju,0.199681,51.515037
zj68hq22h728fvpan094cgeye3j6k5dfpruxdohbkk5prpfw7notp4qpdak8sxv,0.069571,51.362421
tjy83tr0ro45jyb78x972xlj1s3hx4g1xcc6wezkpl5ofolby5aorulid2sxnl0,-0.448522,51.565166
tdx8974mx2gc7dywirmk2cjm3i2yrwvlh7wvqig3w3r4jyosp75r3r5uljrgbt7,0.012128,51.650312
6i4mvw5w6ykya70xuezxdcfig0mw4mb0c21kvnvpamrhvm4runzkre8uv64sl34,0.01322,51.391702
31cevwlltgbovgfnm721uwl8kl9g80b47aqcp3fl0l89ickrmbqm3w6gza2kbek,-0.285403,51.619002
fgxsti6zbvxluxn3eg1yxwwpllv0ju5nshr8fhnjcbdh94n0mg3mkqj0elk08dr,-0.213684,51.467529
my6zu9ib3n2r6fou4fnoqtr6ov5xzhotjr908qvdcsyac4isoccnpnie2o66vev,-0.259739,51.372767
lvypiaknje0tu8akdux4cfcwi6reyr4g90p28vowxb26fzw8145l9ubgizzv6p5,-0.154257,51.565304
4g0dtxuhrwpx75p23xtnh1n5vfl4cytktjf5jrlvfvcsxz67uhdrzgxpyjq9d4r,-0.371879,51.447451
5goot7kjxz1tzk51oix7n17e5oj1tzpre5gm7a1hj9pgfze3jet3ksnvc1ucy4i,0.043453,51.602518
ylussatvs6ayba75fjzh8177ip4mn073fyofbpmw2phbinq7ovb69491rmortk0,-0.409658,51.596384
tfbcmh7v73fy61ephvbo2vb50f3ht35cxg2a1cf2mqlugv3zaiimz25ywv8rwyw,0.158871,51.405879
7bpir5fyq10mh7einz80x5cnymyczshdrvnm15wktciv9tocgbc7e1ubt6fv8g8,-0.136554,51.359644
76wrv804hlk8xmq3ahq3n1rmu3jc25chmshs7do34s0daxtfdu6qqw62gcfzzdc,-0.27566,51.423445
hemjoulh1pex4xg3eje2ll5o9ndhxizh2xasbr5gyyi3bbburlyuqhs0srv9ud8,-0.002699,51.517613
m2dfm1p32vsbgc9t2am7y5rv2r3jrzlwdovltgmceaj89ze5juep8rc0m1m6lt4,0.117709,51.348637
xvb866xw27eo29ok8k6j28lznk29szlunhwvuni5ygxemfsccg1vut83e9tf8ih,-0.2454,51.50461
5cf1uirvuvp59fr35aanga1147axgp2z2ltyxoyfazeptiztml7kni0yu8o4mkd,-0.139747,51.641405
c86b55q9ll0xv7exhmxmqlom0ygsov9utrqo2ndtjwjl6sziy1btlhznx4d7b9h,0.037791,51.526475
tbxs87yoeyer4kf87k8694gnolxjviwigsmib1ff2v9zfopctiavbmbesh07ed2,0.153293,51.57209
o1pzjtqbht7hwiqe1e6sc15v9ukmimaj53sqn06ldx22olpsr1mx1wbxqthauk5,-0.356164,51.636352
oy29uoc79a2opdnh7x7j5rx8pxk9jv9fmzi2tpaupwineb5lt0y456s3l1q5ogp,-0.096935,51.528318
j7jv71q7tcrq6t87jnm0mjoa7hrm88lcjxg00dlredzmz1l20qbv6dhe9u68eeu,-0.002107,51.367774
mj6dpvqx7bs22c86j6ayo7cdcun70wo6szprhuouz68xt6ryloge6onqaicad5e,0.135877,51.573692
h1svdp8no5y2iquwi7b8l09ungp4ml65gp4cnn8zful9ckwp89091nvh8efuvp4,-0.051388,51.372762
ykf4baho56uel07v479cm5t53np8a1fc2e0g0hkw4uuczbvg4g9zruczhh9ftjh,-0.067532,51.537399
oe1byozcgj3735xy9lkh6s9uyrz4f8jgzbb6aiavmi2mf2z3vfx1bhj4f0zilu5,0.162604,51.644488
8ssj8dk8kmydr1f6t2qd3dcjnhis9azr8ltvq4lylfns7ctrxxgnjpmrelybi8j,-0.465247,51.65978
c67ngodyeej6ppbk9ldom9hrchb59hybzwraswz3mxgofxparivm4iiawtf1btz,-0.02455,51.626942
yqutsydzb56dgah5zdjmzopmq259lx9vetb7s44r9nfhym2auw1mavp9l0jmtbs,-0.250369,51.551256
loeii9ic2ajvfgdce9vpjcpq8ua7y3sgs0khpx1gpgjihz3kns6jw7d8njierfj,-0.027918,51.394252
3pgy464lmil7igjt232t553vuzwn5cdngew5goak1x5f7mio6w4l7yojly1eh62,0.077237,51.484113
3ec024ogai8c3e2gfgl1du366q3cscntvpblwd16kucyk8sngfm3vh6704lmbgd,-0.469578,51.458744
dqp7owyxflxnshizvp4qyqiz21d9ixxyb0l34qiiuf9idio3w72rz2mc0msnmzh,0.030473,51.432019
609ovsie3pv9hpwtbgjodmjets9ol1mcsotkbrdet8ajx8ge6oc22g3dlk3z9bu,-0.224029,51.499105
9ck5ms5d8cm0bpkiphyw6k1u4m3guck2vr7uvz22k0fa50o9lpibtxi0cle7aq7,-0.118577,51.395263
cg0wpxj7pny1rbbmp5rp6m2ota1i8i9h0z9e7nuawvenlbd2jg28fvjuonbix5v,0.026535,51.648085
sifpmgdzgy49itli8t2yt30r2netcnx2ai3b9qlusvjg2n75q4csxdsdfr51v8f,-0.450903,51.39123
ytl0m4ofe31bhys0im8h8g87fj52zjl71lsd8ag0fjunrvuutzw33uujiqdvqxs,-0.186623,51.352488
mtjnrrxmmqjupmckm4ot0gxauhe1xbll309suojdwhtvi2j077omkod90qo5oxy,-0.39543,51.506735
xjci6fzuloxl2d864l0uxwdmkv1rgdn5hdszd02jdrzxk19s30x2xd6ieyqspo1,-0.074782,51.608015
4go9amnnpyi9l4imyerujacr4p4eeg11rm0muym9u3oo7qt4dow29o3m3ov09i6,0.043354,51.565938
nqwnqmny93f55kcu25vxfjj34ienh6e571hhxwfzpu8pgng4bkgii2sldh3jkci,-0.183036,51.370691
a2i6yszfvjxc8y8jmoo0we8xtycdx9prsgpvnr4tc7v7pnpueq1fv2q3erikykq,0.108754,51.355043
tffsgnx9sbrbqfbibge7er0uya38y059fp0j2dqkdb2xz66t7ag5wf209wvymqm,0.068409,51.585546
7d6mmyy9j6fstrir02sfevvwtqd15zak6bb35utjmchrn7qxbpozcayrluufcsd,-0.34034,51.612712
82ok4z31umxm1lsvjxt7f9vjakqwqsb8e3i87qjuckiun5el8zpqp0wyf090k2t,-0.17898,51.647995
0mpoal51rp38udhyehar88cbngr23t1odii0zze1qj3u18dd7r1spcf38b2lq7k,-0.300731,51.485629
3h0v4rovfnxskcees23mww6853o6heb49hv8fr25lpsfs93mqq473vcabkyvzyj,0.134207,51.541458
h7h2pqd1i9vtwwzgntvjl2en4mxmdoo5wbn2c6wittkjhf9slvaexh872wvchlo,-0.19544,51.528297
irnartu1oxjtrdp994w15h29jcqsm8djs9lhaax3sc8j2x8zlhhh7gnhitqiq24,0.214917,51.6544
rqn7mexv5fqqcer0oscl014kk2nbs9hyljwe8qzcinq26ofzlae28cdsxkt2ks2,-0.292012,51.417536
1n7i314kbvzivjls9vo9ugmcbf3c2dotteprfx7ggp2tromr526z4feyp6o3777,-0.120819,51.461313
z1z5wa9p71jkjmd6qupgiupkoaelng9zlvdygwkswttt88nhl1xdzhspq0j4k5i,-0.159063,51.525546
411p34kveu0rle3iqabr62to0t0m0rjflao2wtvz1a4q2zct2wzp32uywlv6y1o,-0.079314,51.356183
icgjpg21sqn3uo08z419aw1wys8ds80totjlvrvvmtd39gmylvt6000muup7hp3,-0.071433,51.498007
gqcvff86cg4zgepwevgmnmcvmsb0vfk55m4yzst8tqdd6te6uvwoq35wnzj194p,0.12665,51.585557
vnq072upc1r9e9ublwscpaa1cfo4rsp60vppkggpi55xqgide2pzjkeetg3944n,-0.145088,51.394128
helbj97nmntrwerp8lt7apa0mr751lmuvttmgz6vboc2jt3km5ze91ldjv1z6ic,0.083348,51.356705
z7sq6etllka2555zpync1bhc2hrwg4s9a34longi5qr3unyxb8kc6iru0jpj9b1,-0.078232,51.602827
0u8ve0rwiv95lxnyawb54caep7fu14vn5312ivp0zpwnny3ebhxgzoq2w2gihqg,-0.025702,51.571511
azbcs8dw6oj402lb80abogcdebplsz0fwb5dhhwpjzdzae26f8x7mjw1q9k6hm3,0.167553,51.347058
jw5loelmbg3w7zojxdc7gnxf8ogtgspqah9pte5wmrmk8y26wg433qsjydxmy26,-0.06549,51.486367
dh0440rwtstg6phpbyzewh5hjewepm929a64opv7wadxaden72vpqlddrajedns,0.108108,51.383127
h2n8xo0drtei2d19aiwxcnzej5b8dh0r72suyvy0bhaadmvvvecgzol4te5kp90,0.205072,51.593506
vovkj3nfuow77hpgkr5793eeq40paw370upbnjko1euxj16tyz0wdjru2j8infy,-0.281886,51.616983
j32fib1x89cy5y02umeifd5xdooi24uxlxq4fbai5h8dzhox4s86ei25yx1agr9,0.010352,51.425537
tn2snyfrgvj16aohvih0bwgvxtgo3l4bffbhw4gqp46ix0ehsx5m1q84fjznkkp,0.0351,51.396639
fc21pnej6z0v325wfee89xq5j4z2228kuq08d4g5qlifilpvmlme35wpcsh144c,-0.360389,51.363887
bopaluzofm1zjw4tuips744b70lvvyyuzfmy762irg773pad90pxj834o3dp9ow,-0.092823,51.365961
7d38kaua6ny9lck8xa2vj7ydtkr3qa751pus3qvg8krusae0rxfl36lryscvx1i,0.13008,51.349877
yb8ouabx165pumu8lkjjzess4k8rprqztib0o9tju1g5791vafqi80nozzss3wf,-0.314855,51.566758
tg9leu1g84ni3skd0sajigzntr2rhtdvm5uebja4z09oi7x6o5yp0vd9j3yewvv,-0.358259,51.627844
srbo088hjsxb8ud942le6ogeo6gx07xvnii3kccmdsyt2r1kfz9sruexhiykrpw,-0.256146,51.661857
f24vere1mp178b4k0vatieqcrybb9100eaytx3ci605ejdagaiha5ujt75etboh,-0.091598,51.474414
e3dso49jyh8bx1gj6h6inr6vzwqldeipagzoj0cy2bzn45zwdis69yibjrwvank,-0.273981,51.662818
vwrxmfw3mqag43q78v177rofk848kbwhxlmy7ccte3ej30mq2dp28djmvtdwlfe,-0.129898,51.367925
5jklck3b9cg0rbbex8eq7skp3gc4jyst7eazcshk6222qwiscxb9md6ewoiaxn3,-0.256215,51.474766
qjm3oepfysm2wt8ba9k9d04fzmvxwtsklx7h7aek9arit2eunrtg1npr0fev5fa,-0.465021,51.549305
3on6y2g3hbow27fzq7p7m39y9jvn9nj838c70hgmkihsoxtpwdjvs2f8e9xexhr,-0.322746,51.541692
7oqkdcjwi3bzoezxnl01slc96ws2nyqzztzbc05yyrqx1pa5jo678mepz5v1u0f,0.03215,51.476181
2d3uzlljlqjhbtulyzgffkym29h8f63cr8w6me09fon3g9c6rkwuzhvow3f41jq,-0.217195,51.617989
2v7fuydrj336v0l5wz39lnw1sam8h4ne358zd7c8zoscb6cd70wwnxh130nexzd,-0.017237,51.626549
nv9pn1yurgiwy17px94pz44bsqp3btpa4ve8p27tupn7bn0rttlyl25w3z20wui,-0.117781,51.380822
9x5gbjv9tf0ku316645ipqugfwm1ikfod493njygf45vqu2nfyjg9wklkeiuuf2,-0.33166,51.468614
66phxw8lt4pysekxvnemj5z6sqrqaf3r821waeka403wxletymskckkgph0l1yd,0.215229,51.386052
yvt3blld19wwywa002fgqbhkmarnelzoejrscwnc9inj1uufiwfvs53de0i1045,-0.360931,51.481415
rp963v5lec4dlu9pvdx3rl2mnzbdxzgk8icn9pa6rj6zxa5ixudfeuuj8ww8e1k,-0.051032,51.393998
y2pkfnpsh1e871cmwvz080l7acrqrebmjdu55mt5szie9vf2tu8g65eeiyjw90e,-0.244996,51.614739
86r3oxo5y4h0sr9idbpnz083fgypxs7umiexk97fhe1c2fjribhpij03s8rm4yr,0.024743,51.648946
tjtnrcwc1fuhp8211p5aqfgdh1xzoq7jw3n99cmg2hfahcnk7lsixew8hqosrhd,-0.063779,51.528911
rt6vxuvg7f7lnflgwcz54dv62r2oor03v9o4z5iqfexn06ztcyynlt8xuvqeigy,3.5e-05,51.48697
j968yzial5l9x7khnzdmao9ncgzb1id7n4j7ra1qyi5biyb86oih2irmpt8a9sf,0.167466,51.615368
e02dizwp9ajoo5id67gbshzi1pvhwdc6mf5sjyayyj7icawrm12jzsywma97ja7,-0.031668,51.420062
4sfnttdjdnv4tfpuyjxuxuows9f4nvkuw21tpmngo6vtdecbuw9i37iwm3tenyl,-0.227386,51.393917
fazxcebqmyl3zho12yizlt3q9qapsjkirlqwbg5mti6gzf0ju97cxhb1voocp3k,-0.039831,51.493135
z2lqrsldhbggvcdxodx7m165wuvk14n8lq2vz2uusxvyzpn4e9dl675wn3bjq4k,-0.279466,51.356742
4o81e492qqehqiag9o2hlvjftry4fbv4ne479mgczx0n085y1mhj56slwcqgz05,-0.135151,51.481067
gv5dklhccm0r2sh8bbhlfqx71cnv7jsvbvviuuf7kqy40u1pn4pk2rpem7i9esw,-0.210333,51.410214
pwn2sgcecjy8x70ufh9m8ouxobuweizio2fcthyd34tujbsqbzvy1mx3rq8ris6,0.114663,51.486127
tngais2ij12vgp2wvww7lr9a34ebv7thvm9raw4yjeq3zfenwolvjci46ickew3,0.2013,51.476076
bkfc3w77rqd9rbwzhfblyl1c09n4z85jeu1rd11gh32rth2g1xxj3oah3is4vh3,0.003661,51.426226
ehvxjt7mbtgq425k0b7m45f0qdew61vy0c6tsz6dfopzqva4tfb24lkunen96vi,0.027482,51.456355
j2wkflh4cdwkqhtx6oeyigq4upidk1dcxhxuw1xyk5tpe953ttte1vev3sv38us,-0.459233,51.431933
jhhhpcmvtnn9adixgg1ug6xc5d0mn7lr0hqfjh628szp5m5w6m6wrkxxcfqz2re,0.085294,51.51113
icjk161ixze588cwqklyf8701hdfrxnufc9a9hcqc1b1wfzfv56d48qsytf0g54,-0.381461,51.364538
kbk6jblofybidoon8sx92wxwnlbdlfw9mwm0d16hi4lhsc1snqqzsgwmgseylx1,0.168149,51.59049
yhus4sd1mqzatk4r68bx1ps0pcfzq0s6yf4g55x2vp7v3zf6su00xjankpleorg,-0.164555,51.661046
njrdkcqu3kajbcto5drsmw0v283apnm0sgz1sknkd32j7b1tdl6i2z59x67v42w,0.032586,51.341583
yqbxqm3n6fbtefa9brq0w5dh84rlielhm3f0ftoa3xtgeygh1veugqeu0vp7cgi,-0.468705,51.657561
d4uhfc8j201q1h7sod72cmi6m7t4dlrup9wr5d3qa8eovbg5ppi8px8qf0odmkx,-0.232766,51.52668
k9h50cl3ejs3d66j75gi9pd9ho3eocygtmy7svvilf99n7c8i0loj0ktu1htras,0.123247,51.401524
46ty755ll8vmn62by9beog7z0ewtpobqt712iqe5f5o3tjn5pupggrz6g8hr4z4,-0.097847,51.520124
5c3yycxc3d6twqyu0u0murxqx02kttznufjwimaoosx6ynug2vlplai6psaquzf,-0.149388,51.564734
q3aijucdpk0c6jyja526rf9pv68kyx7yu80dnk5iniiecxf33wdkzv1gkhdlbpm,-0.363257,51.407631
u0s3sw2v5cvi27261urj55x0lq595gr9suffj9tnrp9i0n7g8kooq7b726gvz18,0.201724,51.429001
sm1jfyqagnwu3i56etz88ay8t1eyss3fu63gupl7zayh8mhw1bmrdah7dhvmxy0,0.172322,51.651259
nn0y2ljvpbotl91yxhevtcyafmv2mvw1rmvohbaziiw0bltg89r7umysvuwkzbk,-0.471614,51.354834
wbzvm2zjimkonorvzth6s6rkruub2y1s55o1yy8yahdamqdetr690xykll1vd8u,0.029614,51.368547
9iqo8r71exf4dixmwd9juqiv1sscrg5v3iidj991hxd2q8jb6efb379td8az1nj,-0.265408,51.392874
zb6jst2x48ucw35cw3vgr0sucp2vkmyv80v1pblv9x7ej71tq7yslq0juz8zkre,0.025333,51.377659
b429bc7x8su162strjx0atu7y5egi0xt1siw1ijwmaottgscsb7s5hu5hxvicie,0.13233,51.570949
1tynqofptrcyoudfu4rag3xgtcstf8qns5xhzdi8487kitwayj4tzdjrshk542w,0.059956,51.634515
9h1otz73tvzqmpizawunmj686mhopmfp82dled2de82fi4mmkl0sx5j4e54gvta,0.074695,51.383963
6c5ar852owpg2fsd579ql7thvhr0wxlnr3v1xn7icrq98mpkw5r67tbvdivj2to,0.079837,51.581427
atf4mi06gk9dwhru3so8v3vksng4aueqvgeglhfyyo6re3j13ovh4ktx4681bz7,-0.15823,51.433075
x168e9rwjav0o07y0uddmy9wkfvb3vedza1tzyd6lnml1whowjlrj2wwn4jb3kn,-0.045275,51.529725
k8azu8ihn1402zblclequ78dx7p0k4pk96f0a7bd2r9hzosyo35t07ph080vb6v,0.099799,51.632503
52o1d99fxxnj0m8dfs2pq8e2xjd2js4jo6ljnkzbb7kt65io2m3gagvbk0jonpt,0.15072,51.644399
62rp5rpulo8l8agbrrtbth4hc5vrsyo5ioqax8d9uhg8gsgdq0i5jc5920019nr,-0.029909,51.65501
7r8bapdz18oy89y6au9m8tvibzopgu2q6vzj36lmn70f8gck6m8xc0835siq2ei,-0.045137,51.578202
tm6c2vr9j3jyqp1v5m99e60tck24xlnslsz3cxpcxe1cvynyu039mp97ntayxfy,-0.300541,51.59011
74fwujt2vieveuterrgr4n0fcl940rg5vlt8vk6nl3gix2tnfb16i7g7haof8bk,-0.293136,51.491707
q6vwks7r8ihbza5m2g1oqrx0ogwfx4jdp155k3717396t05qovxjmjd0yingg05,-0.168096,51.36125
pq90lx2qp4s5suw72rcwn9zxtciz8lvhmmaomp6eazdb19o1lrv6bwi6eadnift,-0.045555,51.61579
zktsioer3oasgl7qv71tov08thlmldnlxkon90ndkwc0jyhmw4erwuv7692r6c6,0.173402,51.668338
hflyh76oloecra6olf8k8qmqf4p3gxgzh5om8p90tvxw5jz18nbg18gxt8pugrn,-0.329868,51.578351
wsomne9he23ew2h2z7b0le6d3fcwsl630okt4rjzrxo31dmakqqhs20hil13sts,-0.044254,51.658651
p8qkjl12zxeuzdx3teivc8lskh66adpkcx53plys0mfhw25i46lhs0plfih2gxy,-0.24274,51.520113
2mxxx8limpwx25lrcjvolcacduw5nyod5rgavp892gqla4546fjpbkilrecedgw,0.12923,51.505329
6gxpexzhwbhw2bxlqd3ut05vp9nkw9v2w3qmejtwd67razkxs1dahuqvfbwl1v1,-0.317899,51.514858
udaj7d3xy0lz58pczp9ik9kfno6mvmt9uq1axb4rn8q8fxfal90mp0r4bja0d4s,-0.328922,51.557998
l4imns2s8dn2ytta5b96n5l5zx10y20decuqc5ugm6lf43291su2z0yok2vmpdf,-0.297837,51.453333
fs5krcev7az3tjm23ypgho686wdvgrdu11cn6zcpg7sqpsb5npm6yldnesla27z,-0.154725,51.433602
3mwq68w4qcbsislc7lolb820ttmuivzx8kc9t1k6kl7xd27qkbp4cbkx2ogm2v6,0.185846,51.576969
cbvwgusuqxdtijfzvc2uwfvi419chmvzxantbyfvj9hmyq4yh55puzsuvpm4jhf,0.205477,51.566836
pd8c0nnd4ljm6mq8kmlx7dh6h91laje3zmjaelxy6jms9xmc85ywh8r7di2ygxp,0.075841,51.393348
g5f6wdp0pppqr3cm9twya8k8z58qeioi5q2v4b9mo3wrhmth4vm5h7sk5bhsli9,-0.031304,51.408651
35akz3wdwf1zm9j0gclf111b39ao363w6tc0cm20mgszq7efnqgi0vpnd3lwpe6,0.006204,51.389075
jqtkv1f53f762kgbz9y85je8xpnk2kftir2ugkebft4cas7gbd9vqvhyjbeb5rx,-0.118267,51.42158
gkhnc7vv1oquaaff10fqvfak9oeyqohelmtt7cnv2lfwzg3t5p82ak5o8yfudjj,-0.000358,51.497564
rt7qvidw3t9r0i0npyy0rw0s7wczh0xq8sjos47udgg3o295ok0okc5bivjb30o,-0.377424,51.636619
t8eefcct6x13z11v7wubnk86gr5ssu6wkljanmkd2t33su66g9glz4lg2ggfghk,-0.06791,51.419163
pei31hvxh67vq370yqbqfsyanyulk8vnhe1c63tnn7en7yp1v51hf34xu9jnc9q,-0.231849,51.503289
8g12qrm3ib1bvhmzcgmojj0jn4cnuu1r75g9w67nrl0b7lhtgsa5vanuhc2j7ja,-0.15299,51.602948
dszskbusqhouolmi9hgllnd4lvyci0g7gjn2g0tm9yq6a2mczngidcgfnqa6cgy,-0.375299,51.553724
murlsg6tbyhmd289n4vpkise21ledsnegjzsqb32cr2qs1iysjkg5dbix32dvmz,-0.292703,51.660261
1jpad17k59hpjye67ez1xarc1b11gb2a7ycb9pitihonn5fcyng05iptdhgtjmr,-0.47285,51.566453
7gbdm9oax3noingtem01g9025x65c9qq1v18ttec9v3s11mfulq83868y3jlts5,-0.447302,51.470857
4qkujchm62sw9o7gnu3xpxv6fjdr2ya4qcyzba1qsvs7pyfz5nojjkjjqokn622,0.21599,51.636042
p1xmlp2281pfyepguq36vlzssx5whsa7152bfn3su4m079zzmjnj09eqgcvgwqi,-0.25513,51.650559
sbo6xghovb7xnwlhr8o7i07eli065pq7j1qsob55utzl1jpqqznuitf3jqwehvp,-0.38068,51.650416
z07gzeng1l9mcsce7wrupx6pw516qx2l1ogbb9tdzccx9fka4kidvd1febng39o,-0.254352,51.36264
af7nzq54l4cmf83unyc9cq08gfq2vxagnewj2sb1dqkgu7w1pm1086m9gg0m4pt,-0.162764,51.411234
gzgvi9erw1z85go83ytohrgeu7xtx0yrkiye3n45r9qwkrjs8l3rdkg6zuwmibq,-0.059823,51.503814
59zqqdupju0rk0rxybvlgxd1q3m3v0nid52tor7n6g0atnptmscw464rhdxgyy9,0.078859,51.45383
3u9kgucdfz80g3pumghfdytpv61il9d90c6xmyc738lvsb7ri38bb5ronhfi5d8,-0.178445,51.619691
r2ke5mdrxk16k16i84yi0ung69w6ckcgjzpgugh3n4bt612qts1vv1h9bjyk34g,0.176368,51.496344
mmj45e4o5pgtflpb1ww7uzzzkhg28n03la9zgf5k0c5gljndhhmbok44f9sa15l,-0.1587,51.532151
nnz7yteetflxglcoe1uhi0zlm9z6eesbeyemruyvny48zp6lfvxwsp9tubk6a8o,-0.006761,51.563781
g8ptrwtu281bgj5q8wzjm4vnkr09zd2zi815av6wt5skybuchpxdkpbrqaie27o,0.016132,51.530229
s52004lvfbdqo4mte1v2f3ea28r4wxpimssqnmb5pbyah6hfiwukryszx37s6cd,-0.328817,51.359195
5t8as0dhedklyv0r3b90wmgwwvwc1nbe03b7dl7pltqjlqckeqct1cpdavelp5r,-0.010037,51.595209
bbugjbeyss9yxri5g0hqy1vsfe6u6iniibwvrn0hgy8yxwd1cidhpckinwpl7xf,0.124184,51.468372
6vrt71j6hyorf03yc4tjyyrtbm3a3p14txticga9vgxhtk6roilxg5ixe7iq8zi,-0.472782,51.453494
lkm8gg5a3x7we5sznfigrax45o1dcu0xzih9iqx24fvprsuku9xbq93gas1dbjn,-0.396336,51.444789
v82gd0yvekjftxu5ig0wh0o0kauzv6h32nvdc4jb8w7wr1gu8nepv0k4iah4alj,-0.294846,51.375185
e7prs5cogbnaf8vczkg1dpdwlpyykwl6yobf25o1hf1flb83y0o6z7ynsael2o8,-0.126453,51.427762
zxa1a6u33uig17r9cojkegt8e1olhs4wmxf3hybdiecane6rl0d686jlt3oxt6t,0.140591,51.610789
56burq53w7vxjwvrmfungnv9vfcjiyewqxgb1yvhsms25ybfmhzomrk5abls58k,-0.441281,51.4329
khzkl11hna88kb6jrjxkmexv3a4193jick2kghokyzm6wv8tkoyxoob8cilkqhw,-0.205068,51.641439
eiuyj2nv6fpbmk1yxcmro0frtp8sqm7e89lvdxzi6lgu1wug17l8jxjz85coibo,0.002553,51.640752
gkkhz5ixbdt91d9pqy3054o9no0tlet2sbdrj7gh4v2nvi3c207fbnggwlabazw,-0.051589,51.65816
fg5421twbpzme4t1lp7eiud424gexhzskalulctg5dn5qbzm8nkzph33ylv0hil,-0.472988,51.588301
7u6zixmo6wkqbk6s24g8mfh0g8rvbphqccrgmb6ielawr4tprem8znj3yzhbqho,-0.199965,51.506226
f4laapseg5vhqo06f1nfimgbz33fg2fr4ryr8gvenjhdzyjg6nkjeksjumxzcoi,-0.427842,51.628429
kkb5jso5vb394ps1hi1yewtzd28xdp1clb7xq1nxz9rlpkablrm0awc43wzcd5w,-0.090297,51.377206
cjkpufdw199bc92nxhmqizi9wiucozs0086jmimglo5bhod1uayacja4nljkbof,-0.050046,51.518382
513k7zgzysbxnmg6o8s9oqu3f585b9znh0zo7imyqy8qf8pssersg390sl9pgyz,0.12796,51.658635
aslfjhn2dbh4wilhqn0049zuua286so4atz8xecxt2w6d5o46ihw6zknpn3gnnh,-0.004391,51.407259
s1v7qqknodfbz87ldpyxtkk2vwk4wqba8n6dp9w20ebq3g439g03kakaqcuy29m,0.086174,51.64235
02nkhjz8y2gi5ku1wx5wf5bzih6c6966lifptzeozlyr5wyqlzkztctavp1y21g,-0.161684,51.499607
6brzbksbh2d02g5ielzoegoogmeb0vevgebeilzgyq30gzrmj1c83uat7fp8or6,-0.150652,51.610359
mrihkwh5k6ph5dgdt3qhrlhuf3mzxbi62itvyvcj5tepkv156wplorvrbrjjsus,-0.020554,51.471248
bhwq3xbmddirp43kahc4gv4ud8vynjdld9mhgj35e31r7ovrm0rtj4uazkeh686,0.140114,51.627548
hwbe34o2ms0s0z1aa11e8zqw0zlk29p03ffej1hfstl2ba606qydu1ydff74jya,0.04168,51.582443
6nurhrkaeyni92qk9g600diubpgcp9qlg3b9w91nc30mvb1hz72pt0xv8j851nv,-0.094067,51.554134
3jg5n232eq6f5jecjc2py3va2fnieo616rx24uxwygv1fgr1uy7qel3cz6huxih,0.088819,51.633727
9ie7p4h275l5r9if1ijn4btdmkxidpwk21nlermapz7lmf76sqapl7bfmmig637,0.080681,51.590912
2rs6xvddq3dhvfmcsodo55pwvh8kpak4weonfpbxe27bup95emamdon94f71fv7,-0.104142,51.452586
66x0a1kzxt9ywhmqf0ujtr3v7j7cvudau1pcdc2d86lthb3gnoqfm68p7on1wbt,0.129363,51.609335
tmkk6utkanurw1zqsltjt4qqx04ntrv8396px50nxri8mhqf37epahx5wwrdhxw,-0.335337,51.360223
plt20o76w828r67o0nue4fb1i0kiopigtjjhv871lu2dkuucpofbawnj7nbh06s,-0.215798,51.569003
o78quqkaifx5um8blu4qyknhxrhmqxal2ekghe6nbe40i7fbaisdiiek8b9ezvx,-0.190677,51.421672
6y926p92ge93suemnk0rip2ezdvtpfo7jsmb17xhtb7drmpye2daga14h4qlpnk,-0.369174,51.407153
xvn4a0aez61o258hx3ugptozhl5n7rs0c1dyhcn75htonmzgrduc8ihgxfx3vgi,0.008378,51.429622
q7d6o8hw5rfmrqe6e41k53annjvbh56kwh08jjvigaz7w144wxw9tu70olkhw13,0.064108,51.453064
r3z82xk4gzhc3s80vhxlcpvojwziqiwakwp8hezcguobk0gmne8vpegr5lce6og,0.218273,51.641856
pfxc0r7wxptm6u4bkledsk48z8np6x57rxh4agsf0mlqmowonljdz09605yyb49,0.001334,51.461794
w7xooqdeqzl4crz85osa383bfue02jmciegw9wsxm36qv41f0owr3xkaxn182z4,0.028703,51.622178
hbpo22v9pq0dw6goy76dy8h3j6r0ez8x0tj2sbr3brzk73r7g4caw64jm4b8uut,-0.240159,51.636214
um6uubdc41isn2gpm2uem1roxzmxp6duuuemv2z0z6flwg1hz5wqfxzfifxf5yn,-0.025164,51.417921
3a9b9hhkjcj03kq34j0xq3u7knag596h2xej3om9hzh16cf1xn1bcccnjh4k1h5,-0.021439,51.640386
63yqwskfcp32vs34l91wck5gg2nqugwt449c0u5f02iyz5dq691ok92ebmcsnyh,-0.198469,51.455714
l6uebi4574zifgfig9yfv5g5y0xhvew5t1lxqfnz0ohvonobm4p3mukm35tuhgb,-0.0159,51.630541
z096sk6c9i3eh443q7diiky8qh5jl6xsg202zduflyszgs1thyuoyjmgnivcvo4,-0.008765,51.352405
075osd233b2797tpgldst08dk2zv120128l8qanf6s1hcn24abm2l9wkvz8s6z0,-0.293482,51.404424
lbeh5pz0jjjo02jeatyblnavepv44nyqhrqbsqhntzfdkix7wuq04dscykd3qqt,-0.339614,51.621373
m2okjsalzw2dtvk15mpnsp3tykkgbs160ba1ba6c604z17l4lt3lrdfi2vi444j,-0.387349,51.484536
6suuawairewu4zwudo5osp7czurs3lf71vkg2jer6nlh7li1w51ngelu4kphmvj,0.059719,51.618593
wmm0xcv9xmt5zptb64xq0yl3irlcwzni4k7dwkpep9r2oof7fygzmit903fa55k,-0.070304,51.626472
t02cgtcb22woj43ts4s9vm2zbuyz2s1u7qkn6gsnnef3jr11vcu7d207jo0f7z8,0.095275,51.383576
f9kc4biph1r1yv6pd4m2dlp0etlvkwmonlleyoxnlwgllruwa2epkrzt39rpnmc,-0.338205,51.539666
wyvbpyu1zhvrsh1ofyacd7iugkepj332op6ujqkgiugl7z0yjdpj74lrd8c08mm,0.174276,51.350835
vn998kly06nup2vb3fjvgs30uc81f33h53sk6ipagf5rmj6blkq0wz74aek14lz,-0.127448,51.429583
ov9yn3si8ku6uy4xl3pjz01kwmfl05kvegf093xjsit3qz7002ip1sfo8asn0cr,-0.468894,51.585023
ryipvlky9l59xmwypemr2lzbtv6nyrk6wdt9b7k8osra6d8f1spilh6cef5c4rp,0.199071,51.515981
99tg29zoavvu94xj6rozj61qjyn7h6ccbpwxjkwmucvx4kfq4wnq4kjotuibqtk,-0.418693,51.531007
1g7gwibq8zvi8mla5vfc2wj6t0jloawijk8me34tg9e2vvy4bz9gjumw6por584,-0.194693,51.498587
o6zxx1ummkzv24od5ksalera4a8j0ujblnon0cp1cp2a5j3lkyats12ygftq1cm,-0.064583,51.633063
8swj0smmh4na826aotrcshpects1lhm3kfe6k1239zuixshd9ymhmcxeul7zioh,0.099078,51.398608
nkco1les9duyb7lkw3gqshtbosto63scgp1fvnxdg6e5x0qytzq5fa8lo2zdrz6,0.166541,51.345997
vyjhjdbfxgowsidalsmf01hi7g3pnqw5txx71m8s0d7os8t6ew69v5aqwfjqoql,-0.139427,51.618437
hnt3rckjd99j58bvg4zkdiwnt6d2cs32zxf3namjyopzrp2xw6t4wyituti9wob,-0.108313,51.511699
98iap00sgwb91gmnopq92ykm82vh1of8aax3h1e7p1gp0r2m1g65vjh6kum9xtn,-0.104881,51.65915
h6y7sk3lauwkjlgvew8u2qahrk97ga1fqeg88igjgq415yyhxg30ol94wlzhrk4,-0.293696,51.565489
stxeptaece4mjq52pntemp58x9cz65iknq1jfotqr05p50f58i2feprkoxegeri,-0.016471,51.60456
2vad3stelwfv2rj1ocg3gxe7mgexnj8u7uad4tzfi8gkbryeqvl248rfhnk69zh,-0.347469,51.422902
gs7kxh547u0acq5u059wr4ksinjk7fn1lml3aw2puomegs2gpqa6i7dxqtue3pu,0.106339,51.436844
j0v5jc8094lzp9n8u05zmr9aa7cd4gd83jdnm9diuabbooruzn0wmclokgacuq5,0.054826,51.473972
74d7syrjzjz362o5iwz34jdqh6o6gnnfktcyfytdgcm529ei3c79ddc08d5kj9u,-0.396579,51.501871
05o4t1l8yppyusy2zrbtfogrjocrascbptma2waczickb8yl00qh5e42q9l5cj2,-0.301374,51.546418
ybue9ibai0qf0m01gl66r49p7drzqsrq9w1s6dvnueaz60gojdrbsangu0yulel,-0.24266,51.609632
zt92zoqj0e66e3wui9nauv7lyf66e0823k6yxi17st8udfm1a8pjai46xtmyagq,-0.027305,51.533758
9uti5dprwr51lf60ohdq848ukntb70cfri7puy4rvahha6scw3xvzgej6g14bw6,-0.256294,51.478824
rkup22nfwx5vj7bsr11aa3rl8u6tiaya7tv0omlild9msygxueeujiwi7h6kyl6,-0.105185,51.393806
hcr00huu0odv9e7bozivp0ye73drm54298ic40o2t8iutsk0tn3nfoduvaz5vw5,-0.416119,51.598254
ga347veofbu36t591m7zzk4jj0uu7ogdsuo19cgv3cg0eje7lecszn3zv6tyql3,-0.255417,51.499837
cmiils98b1uq2tvct6u27y5xrtt2tmcpyywzbuoaz5m0cpxosd90toca73240g6,-0.422655,51.584476
yvbuoum600jw073kyh86cnbfjj7pwup39gplwb1pc3m3xrbf80s2tch0ch9alm0,0.213185,51.353616
mxd3gwwnjutz5hhqk14ho00ipamqucbm7sg50bnw9aeqz4i4ph5r7ns0cr7j07h,-0.20719,51.350947
x3dah5twxgwvgyxlq8vh6pmqpt6lk5zkyelq88uv1xjntqbhsjungz6eh5yog23,-0.250255,51.445976
p5ioxh403g4n108l8f79xjnh1jptb2177rmf2l97d4xtzv71t70igwlzudxmzst,0.012192,51.568494
4ehsn5hnymxew4e1r1sufi884nd6hbcez5xn1n233amhhbv4agse3tichujv0ph,-0.445049,51.435896
hph965uz35mh12amxx3ty8n90whncq5ysikie5ar0r8bm7sfw7inwb9hqmjrww7,0.222829,51.492907
yykytrxg75y6kimb37657fgvzcqdymi64eel6klto7mq1aqt2ox9kjvbus8vux0,-0.25764,51.440206
jmrrcp75zwj4k6qe9l5yco6v7ojqk3lmp9hze88r5yssde3n1v0n042gng8t2g6,-0.123917,51.609925
h69nln7bk3gkund5lasjcynveku9yah3810cu8y8367nu8n13dkam9xyti8fdrx,-0.203751,51.380252
53pcqaecklt4ncqrhyq13w3ruz1lpfk40r77yns7p9j3k78h0i5nbyyn39e15ei,-0.056666,51.340971
qij87vzhyr5so19hn0qiooyk8sxu53rxaqblcfo1ezj44t1vvn3jtc9u8o00qch,-0.162651,51.453393
z6bxgjecve9ymdfup7u277qaonxet7eutmorvggk8yyocewo08jhispwdxq4ut5,0.217278,51.659841
p4tkrg0fhbburo35p1atcj4nc3lysgdc7xwcp8zecrzta5t1r7o2npdyl9st52w,-0.015234,51.522212
1ohg094c2dlastxcr33e6ufeeadgfq75jeuzzoxgples7oibdxvfvpg7flbssli,-0.285172,51.626548
oxerfo1ich9n2ji9at4f2dbfo12q1o91p72otqt3rsn6dtwb3he17pfoa3gcs85,-0.02106,51.5882
f3lsox7fi8xrazwoe81qzfyx9k76aayobt4th4eoqnz67wa488d0pvc9umk08ut,0.161251,51.506601
j8od4va5qgdfe1foyii9iri9qx7croifl3g7koae38mv7vskkfzzkcic7z28lmu,0.099383,51.429101
i7bn2z4u3hy9qipv3wbuq8rr4twi3ap8vazhgmoxgwse1ju3yjng4ecytlt1k55,0.023804,51.538123
wcj3y4nqrzzwcfsivfa4c61ef3635f3u75tyvdao7e8gxuxq2ov67blyj3y0j1j,0.175602,51.500468
up571viiairx1mv1cna1omkzrehidj8okqzm9nnuktizz8a5k0u7u3ncad3nbgj,-0.343072,51.386842
grkzevxm9ltr2cr2flpzlhz8aextmo3w1ozixt957schd4gaofqi9kuoo508ho2,0.119961,51.40074
59l05q1miepam53x5lndqlpycoz2k5d8ej5ppwdx9koau5bq19hqnn4g44wircy,-0.279659,51.453132
bw338uod0tt738vlbc2cl9zuu0r2b48y5gdwuydxqogzzqpnnsz1eth4oxhzig9,-0.47616,51.544231
na59f9g8agvqtoh9yq9npo3ae62d0qswjlwrgz9letkkll9zdwzb8tjftaanksw,-0.112683,51.398966
ypf9idoaddzpvwxqmsb9yn9lvcs6jkcxy4hnm79gaopyhnx958aemqb1bopu1vr,-0.03893,51.465881
7c0dqghipbxsy3fbwb6h4l8c8g020v0e5r49bldfy8w8trtyesy0btbsm51govu,-0.20137,51.656879
6v1m8zn9hw4ssbkunsb3798teeb3nobimv32nek3jdhaaoj9fctkq6ocqkzebi7,-0.373919,51.454594
4bthnahmm4zd38ff4d0ci6c979w36wylidummi0yu37aikypg9msttpr3pvzp48,0.121022,51.608992
4zlfd6713qxyq82oqcjua39zrmibx294vzc0f5tpibsmy7onctrxn4d4fllcc9g,0.222832,51.415866
1aaic0nq4bs9705zs51wimcbpdabmp61fufu9xd5to6a48y60dw3ald0j8bwv73,-0.044156,51.411364
5hzttyvsdyp0rpe7fc4rixaw58pi98v4esuut4okkt6g7fc1vsvi3omvaddmglu,0.113289,51.553783
yow4p4finpmxceuoj7jnk0d83eqpsxie6j8s7ljy2b9sirjvesd58axfk78tigv,-0.030517,51.632779
ymiokzxuzpsg6m05mz8sl3zmog48lf4vn9kzjglhwn63yhssyn8uyaik2zd0ppt,-0.281766,51.440483
ai40pij8k3ugz1nzseefxij7clp6k6hp2j8z6fasq9qpe0a3myqmwbjoi70z1ok,-0.469933,51.625164
a46fs00wkcmq2m2fyq4zwesawpwoahyi58oybk37wwix6190li55wl2pdnbfnyy,-0.077877,51.586815
ags070uykgb09x4wp9hcitehayyt3pa59gr7lwltfnub81f0bwdquqhkwg0qau7,-0.339499,51.595238
gbvmj04aozrqja27tz8pjr0i52iillavd38hmz951aco5s8a9y4nsmd9rocmlzs,-0.062985,51.592456
4rvfffk5l5t6z1behdmsomxftkapt9h481x9455k40ev2ui1swzf2ue2d62o3p4,0.023109,51.427699
a3ttxg9w8406fza8832pcyt5ync3ascjl23857fpsbuw7mwaig2jl9kysr20ym1,0.073281,51.483215
9gbt5xu56o5z0j6kf5w4h9c2ls73ofhx6cacx1tp0emvbukdnn029mowsfxcb14,-0.119209,51.430904
ldixn868zy1h3ftaitnhwdeqpqmtnghwd2quq6rqxf56uh0k8f165705znixu10,0.181715,51.584705
pq8r72uqcwhowyew67zqy0en0exu0lqfscz7hifvwg36luht1hy3uapl8ifudcs,-0.025958,51.539338
dho4osp0l2q7ynlsxatngehlh2gdradq97agtee51a4x46ax640ci7akhc2er4k,-0.217068,51.5326
jw8dei6i8185n02vwgm4l2dv1x03pr20ab7qxakd7l69axpo599mk10wy6c8cgm,-0.019846,51.632272
b8y0ixojtjrlo5u0y7bpqwkm1e5xjo6aypvned0asl62nii9dcpf7kjpiizt5me,0.053894,51.525564
oq6t63svshbw7hig69a38pxzjtx5pb0f2bkqkhsx38vexk3i90u7sdx8it7utuo,-0.331997,51.467826
5hwzcjcsoi04ve3nuzbnr32azz2aaru1dw82hgyjgdvviqq34vtobi7tib5tk9n,-0.354152,51.613526
46ejsnwupmeamzstsorkp80htxntnwxo0hbi6b0t2rpubfslpz34pcjxnmezr8v,0.033303,51.351936
1af1swere8xb2fdf2p7wq93y753fh97jc8w4x0u7r7ai8vivjz6sxp1afgpcm7p,-0.256071,51.640813
t7pms394hmyzpgladubf5lx1ayvc2gr84rudln7pxti8krx8pd009cm0o2blvbt,-0.196522,51.356499
9hq9x5n475hl4wp89ahm7r4ds0qtbu7a33bqcxh2ogsihk99argip5y028azfj2,0.021606,51.625071
sh4lkndf9l1vehu5v3q35yqtp98hhq7dcrsg77syu4qhvyovwhqqxa4je8of45g,0.134052,51.570093
k50l5153nqqpjn0ieuuimq1qtugoiapo35jrh8n75i167vue85rsvn3uvnn7tvq,0.145985,51.432972
isf378j81gpd5c9qf5qcik5hknhwokmrfovcahgb2s82aszljksbhygeq3frnkt,-0.366946,51.542966
t20hsa9mdt70hb753cbj4qodms3mwuyk1wa2o2gbpscxxb9f3amumt7xu0w2knu,0.197788,51.58544
wbv30ohdgtczm53l1h00ti7tn8lxn6a4g2dpu1s7i1ozntw64wco70zv4avdro6,0.220597,51.581614
j0671th5frm0bw4b5qsbnw99t4q4wpm2fozq4zv8a8g7fdbyc4y4fh46ncl66fh,-0.329586,51.42863
z9qf8urh2t87xwddmrkmu6xo3jayp07olpa04f3dxakznikmrud31z6ks86zx0o,-0.268559,51.643444
vdm91v6lcmasphs1p0gdw5tjxw003gcsnhsd13l66e95iyb5gdwjlrfmqzf6jx4,0.13373,51.574161
fcnwvbigt1dj3ll79vcw5ozxy5prczzs5vcbk1wi2lb813drz6javlciat3hq5t,-0.267106,51.382734
rx4hkb3gdxwriox40zvkr5netfcfse3wckzkku02brbuixsp9ei3am8igafsvsk,-0.306805,51.456434
53tkxk7c2pu95fcgrbvqu4j9srvgg5zt12wmdkqoqrr7entt4v1c83gyf0a6zq7,-0.26644,51.52521
ctrsogvz0rtqlca7n7613q6xdg5uu26ziovvxxhhadf9coom42j8qs5dlk0cn9g,-0.096642,51.506066
e92qapt8cl1x4004iqyoxjkyy3zpb8ms6dbr31jbjdmlxrz4iok1iwxrgs16ter,-0.318682,51.395187
a5bjx7ytsxz5brmlgbv4pyxeics13ypihal35a79mwafiwyjr92qn1tp5ss288l,0.05968,51.344851
hulu7zpn2z70hiw0hag60rtxkmoge92ng95ya6ard7dj1u2zfe8j5ebhthfhmy5,-0.038084,51.417166
zlb24hhycuvn6iae0chn95rrib8k1467v1wadbi9v1x0lm7hh8qepko48afxqcv,-0.1295,51.64061
apza6twetaqhpbqbvk6w4p4r1q86weiwty6pzc53y51106g1inana9aw76u7a7j,-0.356138,51.387686
iwis8bi2lpw2agppkeqhowbtqopaayoqafyx6phwit6rt3ts2qx7ajanj6tfue6,0.015913,51.378181
u5fko4muzb3lmyak75doeskh959zvt58gcjmmj56deedpwuw1m5dzdztiostqlf,-0.412961,51.537186
1ncfqjv1x0e95z4hhvo3j96oy0dl33dp4zpbvmmrdl8ct0n3zuw5vej0dxdvk8z,-0.052368,51.44196
08c2gh94m8pis87kcsubthezjwue3nopvjto93v732otx3fqg0xwd586zou75v9,-0.314968,51.526586
2asesywx2ffli1t3si6xs2uzo8es2obf6a1yh9rdsk29i79gau9fx6t4vsw33vi,-0.463418,51.517346
ufggsw2ll6hqgvt4mm685fj97ijviru64ii03b3f47us58nrlrm6idyfuxxn2hc,-0.437791,51.431
8a40y7m239o9rx38yfdg1syyqypx4mu3i1spm2c14pvcgepq2x3qkigire2kcy4,-0.140609,51.629704
bcqb4as1fqqpq1v15gn3lr4tn2cdfa6zfgauk1gg3rrir6mtbo4huvavmf3dhvw,-0.165253,51.360254
c9jv2ommoihatw2rblbbdyyc78s7pu5vh6ydz9lm01i6v64e2bgm8wuuv799qzr,-0.162682,51.547141
fu2e62f3l2ac5e0wgeh07iityij7nvzpvt2iyzl05j9uzdlsenxa8q7ao4p5ltz,-0.334162,51.51611
rco6h0xhk6tqyzuduaqney9686fgopfyzbgpdyimrhll51rxqx4cyztr6kd2pj6,-0.365262,51.573199
k4jobmxibcb4hbc9ajkbz8fadzz1s8zxwgsckbyabevfowy1gk1cc0w3tsv1nw4,-0.085267,51.518452
zo1oer03lbkzyx98dr0o6pd959bqkq9nqyl69i6y9fgto398kb4b3gej7i6bf67,-0.20865,51.358352
yl5tgr6uf00uyqmmq6yry0i1z8khsbrrmmalmlir1t1gial95cooe87slvfbs9o,-0.139496,51.578933
9xwtohoflxegg34kv5g3sjy24cth7fu326ir4zvzrfja8tikf2oyjltbdv5owaj,-0.049394,51.585234
c3ymuhnrva2p5yl6nl4nh8voh8w3wzslahvx31zdoll74iq8v27t15uduutp5jp,-0.144944,51.558361
vr8kq0d881jwpp074tlrezq91t1ohzta2gz5q3515zljn39fbgxgpspfv5r0fzo,0.119488,51.615509
1b96ut22i7z5aroew49zkgn8w892cv5pbftpayt3k1oiyrqxa040pffd4oui30a,0.005333,51.43539
3kmq01poq4ntiuf2z8egyglv3zwfbz67s8upuk3xacabxgo00eojc2pixrcm7mm,-0.085245,51.470515
b79q3s7uwj9jgexwuw2w4gr424nvwxnygknv99e03qsz5jc2ujca5e9d41brb89,-0.387089,51.389618
u10yeeqoipz5kha7x9v2oyuk5npidv7pxam043ncqfhvtkey6rzz0ez767isndq,-0.434236,51.530189
blslv7potac596dnw5i8rk9om4wn0op87qlkb2qp6w6l5vkwoq65d91mwdvrax9,-0.314045,51.452698
i4xgvax30jve7odb83dagrafmay86if1o1oosvnx1gm3haocjz3263lpg3duwh2,-0.444405,51.656151
xojhxa5wpsiulm8fnr3rvyqyqyv36qqe629qqfv7njjpudgepo7ofj9f6cpu6db,0.221674,51.530942
jwryld9s57mbghctk64s7fjkybla0494sqk64kxsxijf2zn4lzmypxv48i7p3q3,0.204974,51.368666
4xm0ihx3yrvpl73qhdk8gvc1f2hkafht9yeekdf6nu3xtj55qy4nqnis7qk7mk9,0.079549,51.607719
on9pye8r80o079k74mwe8tzbrb9j2yazuuv09lj44s0xjdtryquqx6s0jzjn88j,-0.434955,51.594617
t7l7k33ngsjql5t3hdectnh0fz3pmwu4f8rcb0slae4jzol4dgvp9zdoqiak9vv,-0.29305,51.491437
hvfe5grlwbh8s5p8eazu14s6a9epm3wfpzvd05zodzg2dpqwk6x5v8gcr2kv0h4,0.130234,51.379465
b2tv42oretlm4itn8zvda671db4sm2zlhi36y9q9qmuc81x8pvdqn85cmq5zro2,-0.412386,51.491282
uilznmknhg2i2wbn07mhtfkqfnas8avdyvopuj0cw4k3ttrsnvboy37w3wiiega,0.119877,51.431947
4mpkl7pm2bxkhbpby9ful1q48yof6ldabqwkdubg0q7kw4j5wmjelgdkipvgr2h,-0.453662,51.460045
n18nzehw58o3pm9atsi8cd6i9lbhvt90e72iwu2tlsbr7mbj2wyiej51xix0piu,0.168987,51.66367
3eeqldi7i65kasw8gn42zomv6ooju09e3jcjmjworvrzieu1qv2jrsc463ne2n9,-0.136863,51.373696
au2t64hwkmtp9u6oyvlhgmyj0kvrlvx2c5habq3xeoau3ctp0tccjq3urw9el39,-0.342155,51.352181
36gbddvy7ezgwpcgful5nhcbqnc370lzspkotoo77eziagn943ua7vhvhmqrxw3,0.094258,51.454957
iszv58w2i3qwphr70p62fzps83kuauqh7i6nbq9v33xffojwpt3tz25lat6iiyu,0.081175,51.60822
jeau4pa5o8j7ygnhb8q8bmrg3tcmkids6vr6d1v0u6t9llopvlosv3yrwkmjjck,-0.183569,51.663558
dgjv9zhex2e22idpfpc94cyoml8h1bgl37wv06pichrv4123zl1eqif0st040tl,-0.037975,51.482022
zjv7xw8h4hl90o3q8rwqvtmtqjcov1sqlblqdlxm8caiiw1mjadc0bs88qm9evf,-0.364106,51.513685
0ia1f4r1vn7xw51911y38j1j8fh1tun9biivqgngvyu1i0ex4hxl3w6beb1kx9m,-0.387946,51.390765
8c8jg23in17xdpw6ni6kba1k38mnnjhhxo6pz95bzd3pf7dvrsk54r1z6fhaydj,-0.322044,51.474178
vsqgn11wgrgye8gcfmhxotpw4g7xpv686twnk9ylwr5nbdpflnrr0dkxv00jmbl,0.018188,51.383401
k8hetmww6m48wpp6xkakflo8feeq9dyi916mcnxxv7dceiqj43cfq4jlxugakff,0.015831,51.51407
aubs765hjp2fsazun6k9wrixm6gvlcbv8e99cby2jhjyefmyml46u7czjukiexv,-0.363623,51.386626
xfrey9bi9ckrs90g1jcdt9veyyalqvqoy0k8td3rjpmhbceqo2z56sidbz9mh5d,-0.285113,51.518974
5ydk1u45l9dbwgkpz7l74v8pc7q58ulffm4qnzqwx6ivzy3rkx7zj6cwe5d7g2o,-0.262392,51.395376
8c4gbujp1byubm913fmmamrmx5694cmmhd17ucuyzw2iew3ujbu35jikx0os98h,-0.045792,51.50504
bm01qx14ewki7qy3nvn3cpd5ffl9ttn8mg753lpv4a35hwtdxntutrinwdix39l,0.05255,51.440071
jhjlgsbhf0bwkzgjiwa2qzitsi46tj2ojjkzyaiy398gry42y090vqho6v723f0,-0.246377,51.561827
e48ksqctfktvl8jubmet7ku85lsllmegw28fqkyu12qspd9rr52bhzraq7pvz94,-0.156248,51.548006
id4c96xblcet30fdf7879dc6dwf6m4ces8k5ado9u1wen2m8bhy4tg1gz4wov7o,0.221139,51.47433
ukwbyznucux87wp2s92n5r2uk7poxcdqc39blg8zsb2dp2pkvlf84dllojnqm21,0.141327,51.363033
c1a6h7uzrp70zs5vjo76j2rf4pm6o3texs75avwe3pylljez5vmmrhdj89sv5rm,-0.470254,51.418052
fg7ax8b64ont9ojp29srzp9w4isjp0biif1cqukhrq77twwszjz5ka98qv9lu7a,-0.146174,51.63907
zb5zr4f089u6qiuv3gi4h7k5j3itb6th2b0giegw9et7qwychiwn8kstvg9cx4l,0.120861,51.483034
xelje5tmdjej0wlfrya2ni592z2rn7qdztz1npzewauy71ukmzrdu4cs1xm73hj,0.065693,51.464299
33tduqgqmpne6lh23su7gknhuehi7rjybgidwvdas99aojgczxbdoz50lgau541,-0.228354,51.35043
cyrgqj48n6iz3224ewuf8hs0r984eh8pip3aqvg3btga874qrldmzjpnqr1gkyw,-0.416138,51.667835
5jg7cz9qdsxxzsex54d7zm9urxzawub81dhkthpsj11918e5as6idocsjgrajzj,-0.029881,51.569873
pmlz9c4tghocowwp6mefsjhtris6t3zjbv7ova25ynl9j93c7h7qyz1icbvvq3y,-0.290779,51.489773
jcwlrr0sxx2v1z3nnh25piapzpyzwnrubfoz5828katzkxygu3a8jtii886ofiu,-0.095632,51.553481
4ej3jfo9g6suo7jk8cyv3ohp06cznsb2ihwmp9nm0sx41o32r87tgfkypnni21i,-0.139862,51.375522
z6h2w69o77mqu7wpm40n1l18nhibj63c54vczxphnolyd5iopiykt8bgpfwexaa,0.188721,51.557691
chk1yc8axq7tmdtnghqhh4xx1dj48ng43bwhl6bw6b89tkcuu90p28rgedtqupq,-0.266426,51.49887
p6siryypk5pfnll2pfb83us7vy9gztj0t3d8rybzn2wh20j3ohhe5iszskevobw,-0.090429,51.639756
psqbhfxinb16jccqjnshhzxu3lfx5j8edco4ncho2z14r6sx8r8fqxszoj2x71q,-0.015178,51.503025
uikewv4dwd3lg69jcpsfr04dlbqypyq9ipao9ih1omjndnlhsun20elqj9xj05v,-0.047835,51.441614
yzmhmsmamq0yljpuv25m2993g2ew49dn0tsetidp0c8diwfi0mjzivqn2hrbeyk,0.165459,51.635632
1o37hvldnn6iuyjli7bekotwmfvptplgz29dsk6h3iuwppzn4dcbbxn3s9pb8ze,-0.316494,51.637217
2565xut37qklr4lk9e08ddclvxwur6wjvd6b2gnfzoegrwtamabdzv0jo84iqkq,0.211567,51.642014
46lfxrj0v8f64u3rrpd5j77ni38mz8rqg0eridmdy55r72ituy0itbidb9xxi06,-0.129773,51.490295
as2qkdl6bn143qco4bzajvhvflrjteyp8swmwk4k3g4by646bcimxsq4x3g1t2m,-0.208486,51.489841
01bbzrmd6lk455d22z9samyehjx64eij3b6qancashaeobl5o38241jxlt3d04c,-0.291566,51.448728
vxyfre1kojimntpn5kpl33p3uuaxhjua1rzfjyjp93dj4ounjvwrp0eiy0cn2ya,-0.274071,51.572787
7p6obo6tsnu99kurq9rwwgub6l2xw385q7m6zl51vg6nrz91cvgzu7aldu2prj0,-0.363401,51.434969
i6bzoin2rbqlikek7e7h14xybpbue21ry3viai4pqeosv78wevs5ml7nobpy0qd,0.005048,51.341665
1j43u5hz1bum2vqay3h3f29c78ydmjfu3cado2c74iciifcxeqqgbnyj6xnqqtn,-0.300666,51.397332
pvka5s4edj9cmcaec2e65iwklb6nxi5jix49jn11yab9kb9dzad33tw24vmrhpu,0.158693,51.653813
5xxmw8nrxyavps5q6iqr94xl6re3w5ur4p4zsds7g84bc3gfbiz817t4kpg5tle,-0.141546,51.439343
2q3kbxc7haks8bnb6du4444h9979wmszosg2rq4loday88mbi777fywgy8lblgy,-0.364601,51.561957
ntag6c65yzpm6se6ions7zvqc6amsyvxthgt95ra2vj347jgmcph31p12p42bo9,-0.036175,51.670092
mm7w30xnjg4a6u3kjylurhafi08ld1ua44x5q9x531p7psf6vtpe33hxzc8xbjs,-0.4708,51.568355
9g4q83wdusy30wtc9na3uelxd7g4f61mvc21j4iylrlv7u6tda8jo7zphy34c5q,-0.10457,51.589784
vx9953h2cdkdgxlldg0cxraspvwf36b7yfzmuuuj0d9yznyuf1ivtiuzh3wkq10,-0.301079,51.503249
2c8k0jrl9bh3e3yahoyvf8al2m39hb9c9jpjj4pvo3azen8enljacjguk7l99up,-0.381337,51.426651
v31u9q431nm1rtfo1ggpqo4cnh35wq1w4u2fosvq4or4ivdowlq0d4jmk9nk5vi,-0.214223,51.365897
03x5mkugabtfz6i5l0sjzw2pmuqy24rllkpjo1osp5u4a4nbjf47kjxfih9sut1,0.100835,51.362767
tzxc03zjfnb12ykyxynn62l14prow4m5lkqs72mpvwmfyzep0f9tt1mjto59exj,0.008398,51.375097
3d8p51lfizxf82pmjbk5zku4spv69zpauciaznekw2004ht5b9qxo23x6kw4dqf,-0.367904,51.564696
e359h4am8gu66xdpu60k5e7x9xj8zolpmy32yonuxhy3zqvkppaprev5060cqq3,-0.00433,51.437734
rij09kz6k9t1eqjmvzlkb3yjde0tqmoh7vcm3cshxuwxoimiwa9z2a8s9802e4y,-0.391154,51.457814
anjgtbt8twqtucbkoagde30ei0dl1ddm2ud4rhksc1epsm5ygh15qyus4jzrjpc,-0.100973,51.656345
u5izaf54v7yyh7sbtd28ubwnizlbpt1sx2q51nac3nzzly2ekarq0jcvba62pxf,-0.123189,51.546609
ydtxeb8owodzgu7907y16fca446stykdrtvsh52r1mfht4xmjclffpa4ay2argt,-0.419374,51.462334
dti4ofgmlxyfygbnws7sxh1lecmc5254v4ianyiijadmjl05w44xm082e3heo9j,-0.158246,51.577284
zr9xl7ohr4ru9x1fg8nvs0zjjeavyk8vkak019o3dkukncgpsyzo3k3w0cr1ttz,0.006221,51.497654
03bmzbqons7gjluse5kw516tws81ya6ea4mjvswj4g2kb3d0mfrc6q8pmmdj1l0,-0.336536,51.659788
wwo7ayja5szayhm05jaab39pu4blum3wxdzvbl7n1xiejx70imn2hq67h2kcgou,-0.460187,51.504392
vxb5s94xxmkzhrys0eohoh6kcnevy487c7fjchjjiioims1dc4q004kd240s4gq,0.029777,51.419421
qbhulydz97dax695pdwr2nr5xl8iuvgdb24rgzogeqfh1xwv8if97nql0bhlcnn,0.047749,51.668325
sjqm28h3fhxu3df70f26svs5d4papetp4wys8s2ey1jbfbb66btqhpsww3hyhi7,0.188112,51.575024
kulf9okay2pch3bc5ef5bepu9kn2flwnt6sjboiyl4tclezbvl81foo54uwkm9w,-0.28977,51.495722
2ulwpwvza25p0o815skzwrgf7hzb9he8fh7118ujzjodcbsc2n73pk6n7gly6vn,-0.310575,51.348918
picmgyqln5v3gcb2fz3iun4c6hvhspr8h4wnjpqa25rkrsp6ziiaql8rcufa7t5,-0.353329,51.60652
wqa94m2ii0ur9fnofqf3515dhhy05jee2h3nk426mevszbefkvfazapljd9pu88,0.061363,51.468956
2ib5m9mbyohl18ywpje92hkbnc702b0mf1a9tqgz7szlz0e99jitmwn3nti2qz7,-0.004111,51.385663
0gbcy67grj55qttl2dnnb4ndp3sucp0u6iqrj4pmwjupwazan9feq70qorqie2a,-0.033603,51.390833
hhquwbxs62trh32x4yqf0prbescthqhgtpe85jwtpy0bhenmn5e393lybx8oi5j,-0.143435,51.634885
slkc7zrqpfjc7bwvlmz7gbv55hqr4tu8f0xehxwrehg02cs8orf0ufo3a7ahegy,0.195655,51.557723
k6eejpfjwhbbop8pdw737nzwz7fxgcp34gfotubfwxobsyeo0359iuaycggwkpx,0.009299,51.503268
3txb9p2q59kj67cv7piyhwdjikwcb9q804kboximbbhs9ujpopk19dz5upoa9hy,-0.283195,51.376879
0t8f8iybi0kq2la834i1esa59yljdwwiy5mxpvsaf3k77o4bo5zeuctxm0001x5,0.082456,51.501302
941z0goh93lpgrfy5lavhhoa9h9ujuudyqi9fuj906592tp2yftn3v57wlwymy4,-0.43796,51.628372
jhjp0vyqx2h6jq5xgd3ji12z7nzpnqsztn1mka5ih0jhvgaezka61epdqssegcd,0.067362,51.399419
zg0zxmfex5vefnsr7d7n42m63q3xmi47ydoe9brzybh0vof2n3fdbudiwsrjoxo,-0.454428,51.652567
ux0r27po34vt10tfvx4ojz921iqphecfczif8u6p68cnrkfb7ynyz8vyka0sdvd,0.145951,51.630201
av74onhgeyzhxsdtec0lrckoccl3pirhzn18urv3sm8pejqynqvoophpi30659r,-0.111986,51.548348
08okv0zh9qhhr8nl8nv9l0a1p7wjg99kko41pjydpaaql8m7nwe7eypm622u4bl,0.003487,51.34329
z3t1r21d1djeko4i72xkwpmefup1rohdtvjn4zgin00454zf9hbydwll2gxun6j,-0.021978,51.612104
oot49fu4w1xr4e34qblu8l39e8s0u6c8jx6yo6tkejnemsn4ihptz5mmneykqdo,-0.090214,51.358902
qxhpdqayphlumgyf9cc4kqqb5vi2rbgwdlg0qgglnft6v3i1qk0nv4stv989ipl,-0.028401,51.59797
aqlsj56zqsbu8k1vzy1iuz38z7vhoz8fa3in9fryfxr1f3ol5mmvu5hzc3rmk3w,0.107966,51.525302
b9csyeab7vbf03vb5p8192nfqybc6shm9uyusfkkpu0czpunzu9n8s5vyp6lsx6,0.20554,51.533213
dhk0954dqyqkxxxpgksdq9c07h7ph3ph4o5f23ekvxbcmr98xp1z7k55dcmy5sa,0.047261,51.394355
vzat1wg97zf4ef3r3rjccrsa6e20px4guqs6vcm52tih0aelma3dmclh1fuan6l,-0.219205,51.620888
tbxx013doafrig14gvf6g0l8ik4zrb3ao0yr9q4xrtixqobypr575lzh6110mfj,-0.305101,51.599359
pqdefajublp1ilaxshsyaodo2m983h80hn0xueovli9k79qqi3cspb0azphslfc,0.037719,51.411554
2nouh1rbg2qnm95kom8u12lr2prr5gk1q1z6yuh7tsi4xbbyo36cn19qsci6byc,0.137034,51.455927
mza1h24n6to92rjpz7dvayhusn9hfzoezrpyodgza05si0j0ut7794jil81pt24,0.000718,51.656075
ytv6e5ty0i9gu44e7yvw3n1pfvqwlnox2cbfik2mbgsac65jmgcexswqmzzfwqx,-0.393983,51.516579
bapdqlwbudn609q3ormv0r7u4e4s39gazm5rmly8nz01qzkkghqm6q6yw490wwu,-0.099305,51.604794
d6ja8o1w61891yjzl26yzw9i209v245kjyag7gv26h4m3rqs3lu2psiby0qcq01,-0.347357,51.359163
b93mqd7hh8a7pmtg97ckkhkz6u1zqqv0wmruj6oak9atfli9rpx67aa1ulx5guk,0.018561,51.428939
hl49xs3vt00qjkouwkh8v6b2qz382dgex1bi6i5u7sgaw4wi2sssxw93rltttyx,0.185766,51.391652
g9wk7udlfwk2wejte8t2n3myzvkurpdqbgev0s55z8l5x3jh1wjkh8mgexp52mm,-0.204035,51.544655
suocf9xhv5gbvl4l5psmoq1vahtn0hdcu0te7n1y15q8fvqvf14qngsv03f1cdk,-0.123708,51.361854
xqltrxa6ihmdup3a4tpcob7t2a7zss3r0clpud3wppjbroyt1lmxtnbd1z3l2nt,-0.065722,51.526706
1bu2cpwqrt1mw262u8unmkrrw2zhmygd5xprd7i8g2z7mjr9i8dy3r78x8xsl0r,-0.179863,51.487527
s13ezfskdggpqk98wo57pwscddl0uh7hrcikkhsz2bnig6qfr4zuqb84jfkdkl4,-0.37604,51.608564
a9ng36oe8nfo4a6ofr8hld06q5rz8oqjswm2nscasu7tzjq20nuvo8cxfopubjo,-0.085878,51.620875
bphx6gbk7r5243k3ky8td8m1kgpjbyn2plfw7pomx4zywu9k85x3if1w8mosnfz,0.218507,51.578648
a1v90epefiped8hagvaaj2i86eyb75vn9ukpnc0230pi2h3mjbb7rb3r9gztvn2,-0.418585,51.555892
1lug8kjqb3b42cbv0cm8cahjjv8ws9s71emx1pdiu4m7d6s3q9ck76eic4at215,-0.420865,51.621174
abg62040ogtbm90ae3g9ivkc0jurmljwvqcxgolcknwaa8e9prm0gef9lw94jnx,-0.103604,51.385816
l6nfnrzv4wock73mxrpo0lrsob082f5z6obtgkejphi35b0093qyu0pe14x7ajf,-0.157226,51.652986
q9mexegcgcag4x27ngr0l1qzixums9dupl3pvouphgsiuj4l1g9090lchspw4pg,0.175211,51.616434
ofkxli81z2vc541nclkymweqbxdppjh21tdhml7yiwyox049kjaby71b74oawpf,-0.453166,51.651611
eyae2mrm3xo4735aexc3b0qhpizdhk6i097zrmkiikkytfhgv7w7vwailwmtxa3,-0.088616,51.666618
7m0avr9aib8x0ad3bum8qse1qjguuwz3jijonyafcwjn10subst614de288dk6m,-0.059058,51.528211
ewbezpt9m1bi5ptdbcu7prj58ixvezpuhxr9h0o610mj5vzz2h52nicmsgt2yf8,0.220797,51.548206
raz00hgkr1xztrn6m2zuqrwhohbafk1m61tk9d8t4b8hohmlunz9qiumylsh3k0,-0.131633,51.466161
nz3veq0pd27d74nd0umkunuhelz12y1ykk23u89ykd4v2he7vtq6774yoa2nl5l,0.157104,51.398897
aq6llzhgweigc715tvfj0buhrj8gxwre0nwh71qmsmuk5m5zcqs2trqgb892fg8,-0.162541,51.357128
w833x9bo2pth8gfp1z6k5erz127mvs2e82uumowwkftpbbltvotdr3hoo5gwk6e,-0.449793,51.628375
4knpw1qzh3mjf1efvjw0c4qjjghpc9i1gfyg5zud3rcml9q1tg7vvhui8vpcf7t,0.196236,51.455415
32z94euea06diagiixcxy77gtdb3h42jnmm3ihga5glgc20hsl413m2x0hfija1,0.160331,51.544475
es8nj14ch0sv9ba5kcnm6gqzy9m28v4yr83w90bc7yb0nuctzk6diolmt33dogf,-0.13973,51.601315
66sju12cgc52pvidtnupyy5aw2dczxb5xis19wk87fmaadp427y9y05uqilllog,-0.094429,51.60654
vvv6k9ny08dzqbetrnvubgxwhp4kj4v5fti2crreoqaho04rnvhimmz561ajund,0.087514,51.524788
egubm0xulcfzcl5ybtywut7ogz8rk7wg0qmaz7udag5iyxegu25zh6dymbtj0wb,-0.419224,51.596534
59lsw5710zpulwviavkqtf42ubn6ix8f2lium5dcqvquh63aabr48fqgz65xdjv,0.097934,51.360431
5uqyle75sl8robtaloytjngkub60j5gy0y6ldt78jp7lcl6rmgrlf3g0rh696zm,0.080213,51.441049
gtbpbyr4yg7tzjr0ehekt32ou3j0njtvfbil1jncg6jtxb4sip80lhjim0dlmkw,-0.201891,51.478733
5wn3pdh3r1qmihwi72sjglovly0nwev32q1ypmwa119qdsz6bj41062ii4d1woz,0.061393,51.418549
jiy7309xgwz2z3abfjdf7blub1re4c7kmx481sa5y6gq2c2zrsjbrq8oejt7gg1,-0.040789,51.482087
oa6alt0t392o3qndpwvcj7z6pihyual5s48simldq25ygg02kqwe6a4lvrso3e0,-0.207495,51.463422
bf0jxhnr6w69yby72kvxtps36jlayfemi7viqededgs7y5q7c7fajpdqbds6sk5,-0.37018,51.449484
av4hucdc9gugbjlx6d82bt52tdkq564nrdvfqytd5y2n1s7wzpolorvglgonqkv,0.131612,51.491543
9xjszwj5r5vmwsiotogkzqfckqinajs70zhj4wg7ge3ex6c2sdw2so8r6w2qu18,-0.281964,51.375577
5mdqzxlofuwmucj3bg28x1ms241tk45ijqs518d0quyn6zyqbc2n47u38zqasj1,-0.105757,51.454496
bhx0oet5vyaulsa555pk0lete9pl2t34pv3pex6oxe8i20n1x1k99obqzycyeb1,-0.201875,51.485556
ao0v2kt20ika1mr7rcabu0rem78jx4982x9secxc5utcmi3a86d7bto5os3gxnc,-0.03708,51.52312
nxexuhpq76kc7yh83vpr1b2yi31448fzplqraxy6o8e6fpgtbmqm4i9pkds2p2x,0.212333,51.571906
ox6pefpcb8i57s0r4310ls7ayurium92w5f3dijrgz8tmjuq0u5vydwt6h09mko,-0.058681,51.485189
q8eeubqfsv8d5qtobnsdcyz0k66reex6ugcf42xic7f3e3wgispw972o2ucq7d6,-0.194397,51.650794
olv8lfr0tzjxirfx2p944gk3gm9i43rxwvmni4943k4g1a1p797om47p8x3xa9j,-0.231662,51.470111
m6ka18srpwlckvd82bkq5piwikzlp6jcbuku20c46qotsiyi1lhb9bwuzx1kyqi,-0.475847,51.46152
lser456mw3h2e3e5670f6vqmu2arrb611dwv5h74vw6hvy4iwejm3wqfqo1dliq,-0.08605,51.664614
y3t9du1ynaev6q98ib3r3vuvnfswe1saiey3tl93pxbf2wy3vjckydiui4bc3rd,-0.251291,51.668086
jy847igew0ijcoe5rzcybr42crinzta3ziw0db3ia5t9jk116jzz4u6afxrym5s,0.1218,51.448844
ee5lvlhf731azsonhmv2u8uo5kxe1j0hdpo7h31efzwxkun7eskqviac88wlr56,0.086501,51.343102
8q5k0rhsmr0eet6a7sn08cvaoqw73a0lzuh42vecwq7x21gi4jvajfypjehcbot,-0.303521,51.356679
73ewvr4tif8yqkvrn4wcr9wc77dmuabomhelbm1oway1r7zfj43480ozkxftc1s,-0.41875,51.401315
yyl9h0nvwmbfra4c88humxruw2epio0jbkew9s9kyyfo21mjcm3g9cuwam3z9pi,-0.170776,51.474927
cdw8dv0ihr7dd4miuaw44b22a5e6acpxqxiwdn29nqt5ivckmue2kdwv3rqwxdt,-0.333893,51.444191
tlse6pusjcylo3rxtn1htlihcaeiqnecljuqieoyc6gdvcipitea0mnexuraw2i,0.151972,51.650146
26m8vp5p4vtmesozmibc5wwd8pqjfgj34syfy8uhtldx7fvm0bbytzx4ray7ufg,0.027369,51.447691
clwqah5bo790dp1i3wp372lzb3csw95ykljyio3jbns4g535rm2oxmqry0vx8mm,-0.195095,51.376989
02xbv97r9dfua0orqy6onae6up49luh0dmxh8bgs0e76i4wowxnro4qzag1j8a0,-0.329397,51.462912
i8dvjd60n3h2np6kj7ys6axv60hlwtqnbt2pt4eyp5vjzvpphdfry5qwxhgxyfd,-0.450191,51.438822
wlr38cj93ou1u5talds5f7qsl9ras56406wnoei1ks2kuy0kqm65nilhetorcw8,-0.445821,51.588886
z3h5lvut77ulz6wvk4m9xw2g5pcbv9keql46vsyvpzzjwqyuxo4y3nmypci4xak,0.181497,51.620762
a306rubpiujg1awltdlcvy8ef1kw8rslp4wjpz65is8t42x9ilky62rdvy16psr,0.073492,51.598752
r1pzhldx1juz0vzs48woxk3l5inzmjm7uyc3y7u7pue1apwh7jyi7c8h0zaxk50,-0.237522,51.461173
fmtcuhwff3wwslepxdcg5hjcz137y9z2tts9364n2w2qw0xluddw48eixc4esca,-0.038286,51.539554
6dqwegwnlbx0wpq4lvv1e5b4pjwmrjalfb2qhhu1t4vsg1wmvtxp5zpq82sp0h8,-0.07643,51.664491
va101a2w1afpgvex6yvi7oth0bhahms51t6kbk8t5r0o7er9d3qxdug6s7t5g7x,-0.148474,51.619997
r02akufwopoleks2jd6kr6jomdp29g390i386v4z4e9nyt2qurj32gs8kk2ng2x,-0.293022,51.560936
sm71ko9w62tckjlydyz5z1nt378vr0u07na8jdo599wq9fbqomfwcfqy2whtngg,-0.100147,51.39005
